Date,Close
,AAPL
2015-01-02,24.28858184814453
2015-01-05,23.60433006286621
2015-01-06,23.60655403137207
2015-01-07,23.937572479248047
2015-01-08,24.8573055267334
2015-01-09,24.883968353271484
2015-01-12,24.27080535888672
2015-01-13,24.486297607421875
2015-01-14,24.392993927001953
2015-01-15,23.73096466064453
2015-01-16,23.546567916870117
2015-01-20,24.153060913085938
2015-01-21,24.33745765686035
2015-01-22,24.970611572265625
2015-01-23,25.099462509155273
2015-01-26,25.126115798950195
2015-01-27,24.246370315551758
2015-01-28,25.617084503173828
2015-01-29,26.41463851928711
2015-01-30,26.02808380126953
2015-02-02,26.35464859008789
2015-02-03,26.35909652709961
2015-02-04,26.561260223388672
2015-02-05,26.750839233398438
2015-02-06,26.52557373046875
2015-02-09,26.70177459716797
2015-02-10,27.214752197265625
2015-02-11,27.852630615234375
2015-02-12,28.20503044128418
2015-02-13,28.34332275390625
2015-02-17,28.51059341430664
2015-02-18,28.709087371826172
2015-02-19,28.64887046813965
2015-02-20,28.883058547973633
2015-02-23,29.663671493530273
2015-02-24,29.478567123413086
2015-02-25,28.724702835083008
2015-02-26,29.088254928588867
2015-02-27,28.651100158691406
2015-03-02,28.791614532470703
2015-03-03,28.851831436157227
2015-03-04,28.6689395904541
2015-03-05,28.193880081176758
2015-03-06,28.236248016357422
2015-03-09,28.356687545776367
2015-03-10,27.770112991333008
2015-03-11,27.263826370239258
2015-03-12,27.75673484802246
2015-03-13,27.564924240112305
2015-03-16,27.86824607849121
2015-03-17,28.33439826965332
2015-03-18,28.653331756591797
2015-03-19,28.436986923217773
2015-03-20,28.080137252807617
2015-03-23,28.372312545776367
2015-03-24,28.25633430480957
2015-03-25,27.518077850341797
2015-03-26,27.709896087646484
2015-03-27,27.48908805847168
2015-03-30,28.18495750427246
2015-03-31,27.752273559570312
2015-04-01,27.712121963500977
2015-04-02,27.95077133178711
2015-04-06,28.403533935546875
2015-04-07,28.10466957092285
2015-04-08,28.013221740722656
2015-04-09,28.227333068847656
2015-04-10,28.347774505615234
2015-04-13,28.292016983032227
2015-04-14,28.16935157775879
2015-04-15,28.27640151977539
2015-04-16,28.140344619750977
2015-04-17,27.823640823364258
2015-04-20,28.45928955078125
2015-04-21,28.30539321899414
2015-04-22,28.68678855895996
2015-04-23,28.92097282409668
2015-04-24,29.057029724121094
2015-04-27,29.58561897277832
2015-04-28,29.119474411010742
2015-04-29,28.691253662109375
2015-04-30,27.912857055664062
2015-05-01,28.760393142700195
2015-05-04,28.704631805419922
2015-05-05,28.057823181152344
2015-05-06,27.88163185119629
2015-05-07,28.05409049987793
2015-05-08,28.582645416259766
2015-05-11,28.291486740112305
2015-05-12,28.19070816040039
2015-05-13,28.222064971923828
2015-05-14,28.880521774291992
2015-05-15,28.8402042388916
2015-05-18,29.158245086669922
2015-05-19,29.13136863708496
2015-05-20,29.129121780395508
2015-05-21,29.427005767822266
2015-05-22,29.684558868408203
2015-05-26,29.030574798583984
2015-05-27,29.57257843017578
2015-05-28,29.51434898376465
2015-05-29,29.17839813232422
2015-06-01,29.23662567138672
2015-06-02,29.106725692749023
2015-06-03,29.14256477355957
2015-06-04,28.972347259521484
2015-06-05,28.813331604003906
2015-06-08,28.622968673706055
2015-06-09,28.537853240966797
2015-06-10,28.86484146118164
2015-06-11,28.799898147583008
2015-06-12,28.481861114501953
2015-06-15,28.425870895385742
2015-06-16,28.578166961669922
2015-06-17,28.51097869873047
2015-06-18,28.640880584716797
2015-06-19,28.354196548461914
2015-06-22,28.58041000366211
2015-06-23,28.45050621032715
2015-06-24,28.69239044189453
2015-06-25,28.555768966674805
2015-06-26,28.387792587280273
2015-06-29,27.89059066772461
2015-06-30,28.0921573638916
2015-07-01,28.354196548461914
2015-07-02,28.318361282348633
2015-07-06,28.21982765197754
2015-07-07,28.1503963470459
2015-07-08,27.451616287231445
2015-07-09,26.89168930053711
2015-07-10,27.61063003540039
2015-07-13,28.143680572509766
2015-07-14,28.132469177246094
2015-07-15,28.403474807739258
2015-07-16,28.78197479248047
2015-07-17,29.030574798583984
2015-07-20,29.57929801940918
2015-07-21,29.28367042541504
2015-07-22,28.045122146606445
2015-07-23,28.031688690185547
2015-07-24,27.883869171142578
2015-07-27,27.49641227722168
2015-07-28,27.633026123046875
2015-07-29,27.545679092407227
2015-07-30,27.406816482543945
2015-07-31,27.167171478271484
2015-08-03,26.526639938354492
2015-08-04,25.675556182861328
2015-08-05,25.845773696899414
2015-08-06,25.902015686035156
2015-08-07,25.989755630493164
2015-08-10,26.934677124023438
2015-08-11,25.533048629760742
2015-08-12,25.926769256591797
2015-08-13,25.90651512145996
2015-08-14,26.08875274658203
2015-08-17,26.358728408813477
2015-08-18,26.21024513244629
2015-08-19,25.875017166137695
2015-08-20,25.34406089782715
2015-08-21,23.7939510345459
2015-08-24,23.200000762939453
2015-08-25,23.339488983154297
2015-08-26,24.67812156677246
2015-08-27,25.40480613708496
2015-08-28,25.488054275512695
2015-08-31,25.368810653686523
2015-09-01,24.234909057617188
2015-09-02,25.274320602416992
2015-09-03,24.831104278564453
2015-09-04,24.583633422851562
2015-09-08,25.267580032348633
2015-09-09,24.7816104888916
2015-09-10,25.326068878173828
2015-09-11,25.695035934448242
2015-09-14,25.9425106048584
2015-09-15,26.16074562072754
2015-09-16,26.189987182617188
2015-09-17,25.629789352416992
2015-09-18,25.5240421295166
2015-09-21,25.920019149780273
2015-09-22,25.512800216674805
2015-09-23,25.719783782958984
2015-09-24,25.872772216796875
2015-09-25,25.807527542114258
2015-09-28,25.29682159423828
2015-09-29,24.536388397216797
2015-09-30,24.815364837646484
2015-10-01,24.653371810913086
2015-10-02,24.83336067199707
2015-10-05,24.9233455657959
2015-10-06,25.042585372924805
2015-10-07,24.9233455657959
2015-10-08,24.6353759765625
2015-10-09,25.224822998046875
2015-10-12,25.107833862304688
2015-10-13,25.150583267211914
2015-10-14,24.795116424560547
2015-10-15,25.16632843017578
2015-10-16,24.98185157775879
2015-10-19,25.137081146240234
2015-10-20,25.596044540405273
2015-10-21,25.593795776367188
2015-10-22,25.985261917114258
2015-10-23,26.79068946838379
2015-10-26,25.935762405395508
2015-10-27,25.771530151367188
2015-10-28,26.833436965942383
2015-10-29,27.116910934448242
2015-10-30,26.885183334350586
2015-11-02,27.26314926147461
2015-11-03,27.57587432861328
2015-11-04,27.4476318359375
2015-11-05,27.32111167907715
2015-11-06,27.35273551940918
2015-11-09,27.24202537536621
2015-11-10,26.38343620300293
2015-11-11,26.23431968688965
2015-11-12,26.146198272705078
2015-11-13,25.382505416870117
2015-11-16,25.798242568969727
2015-11-17,25.687538146972656
2015-11-18,26.500930786132812
2015-11-19,26.83758544921875
2015-11-20,26.955074310302734
2015-11-23,26.60486602783203
2015-11-24,26.860177993774414
2015-11-25,26.66812515258789
2015-11-27,26.618417739868164
2015-11-30,26.7291316986084
2015-12-01,26.512231826782227
2015-12-02,26.27272605895996
2015-12-03,26.02870750427246
2015-12-04,26.894071578979492
2015-12-07,26.724618911743164
2015-12-08,26.713314056396484
2015-12-09,26.12360191345215
2015-12-10,26.24787139892578
2015-12-11,25.572298049926758
2015-12-14,25.414142608642578
2015-12-15,24.964513778686523
2015-12-16,25.15656089782715
2015-12-17,24.62334632873535
2015-12-18,23.956806182861328
2015-12-21,24.250524520874023
2015-12-22,24.227933883666992
2015-12-23,24.53974151611328
2015-12-24,24.408689498901367
2015-12-28,24.135295867919922
2015-12-29,24.56911849975586
2015-12-30,24.248268127441406
2015-12-31,23.7828311920166
2016-01-04,23.803159713745117
2016-01-05,23.206668853759766
2016-01-06,22.752525329589844
2016-01-07,21.792261123657227
2016-01-08,21.90749740600586
2016-01-11,22.26222801208496
2016-01-12,22.585329055786133
2016-01-13,22.004648208618164
2016-01-14,22.485902786254883
2016-01-15,21.945911407470703
2016-01-19,21.83971405029297
2016-01-20,21.86907958984375
2016-01-21,21.75837516784668
2016-01-22,22.91520118713379
2016-01-25,22.467836380004883
2016-01-26,22.59210968017578
2016-01-27,21.107656478881836
2016-01-28,21.2590389251709
2016-01-29,21.993358612060547
2016-02-01,21.78774642944336
2016-02-02,21.34715461730957
2016-02-03,21.769668579101562
2016-02-04,21.944595336914062
2016-02-05,21.35848617553711
2016-02-08,21.583391189575195
2016-02-09,21.578842163085938
2016-02-10,21.415281295776367
2016-02-11,21.285795211791992
2016-02-12,21.35167694091797
2016-02-16,21.953678131103516
2016-02-17,22.289886474609375
2016-02-18,21.867351531982422
2016-02-19,21.817373275756836
2016-02-22,22.008195877075195
2016-02-23,21.510698318481445
2016-02-24,21.831005096435547
2016-02-25,21.980937957763672
2016-02-26,22.0150146484375
2016-02-29,21.96503448486328
2016-03-01,22.83736801147461
2016-03-02,22.88734245300293
2016-03-03,23.057714462280273
2016-03-04,23.400745391845703
2016-03-07,23.141775131225586
2016-03-08,22.950956344604492
2016-03-09,22.97140121459961
2016-03-10,22.98275375366211
2016-03-11,23.230369567871094
2016-03-14,23.2894344329834
2016-03-15,23.757396697998047
2016-03-16,24.073165893554688
2016-03-17,24.034549713134766
2016-03-18,24.061805725097656
2016-03-21,24.059537887573242
2016-03-22,24.243545532226562
2016-03-23,24.109516143798828
2016-03-24,24.00501823425293
2016-03-28,23.895973205566406
2016-03-29,24.461620330810547
2016-03-30,24.88871192932129
2016-03-31,24.75922393798828
2016-04-01,24.986392974853516
2016-04-04,25.243091583251953
2016-04-05,24.945497512817383
2016-04-06,25.206745147705078
2016-04-07,24.656999588012695
2016-04-08,24.68425750732422
2016-04-11,24.76603126525879
2016-04-12,25.088613510131836
2016-04-13,25.452091217041016
2016-04-14,25.46571922302246
2016-04-15,24.9545841217041
2016-04-18,24.416194915771484
2016-04-19,24.28670883178711
2016-04-20,24.336685180664062
2016-04-21,24.073165893554688
2016-04-22,24.007293701171875
2016-04-25,23.870994567871094
2016-04-26,23.70516014099121
2016-04-27,22.221738815307617
2016-04-28,21.542499542236328
2016-04-29,21.294885635375977
2016-05-02,21.272167205810547
2016-05-03,21.622011184692383
2016-05-04,21.397113800048828
2016-05-05,21.310258865356445
2016-05-06,21.1914119720459
2016-05-09,21.207412719726562
2016-05-10,21.35140037536621
2016-05-11,21.143423080444336
2016-05-12,20.647451400756836
2016-05-13,20.6885929107666
2016-05-16,21.456533432006836
2016-05-17,21.367399215698242
2016-05-18,21.61194610595703
2016-05-19,21.52967071533203
2016-05-20,21.762800216674805
2016-05-23,22.039344787597656
2016-05-24,22.37531852722168
2016-05-25,22.768428802490234
2016-05-26,22.94898223876953
2016-05-27,22.935277938842773
2016-05-31,22.82327651977539
2016-06-01,22.503311157226562
2016-06-02,22.334178924560547
2016-06-03,22.379880905151367
2016-06-06,22.542165756225586
2016-06-07,22.633581161499023
2016-06-08,22.613012313842773
2016-06-09,22.77528190612793
2016-06-10,22.587879180908203
2016-06-13,22.247325897216797
2016-06-14,22.274757385253906
2016-06-15,22.201616287231445
2016-06-16,22.295326232910156
2016-06-17,21.78793716430664
2016-06-20,21.735368728637695
2016-06-21,21.920501708984375
2016-06-22,21.838220596313477
2016-06-23,21.96392250061035
2016-06-24,21.346826553344727
2016-06-27,21.035999298095703
2016-06-28,21.390249252319336
2016-06-29,21.575387954711914
2016-06-30,21.849647521972656
2016-07-01,21.915922164916992
2016-07-05,21.710224151611328
2016-07-06,21.833650588989258
2016-07-07,21.927350997924805
2016-07-08,22.096485137939453
2016-07-11,22.165050506591797
2016-07-12,22.265607833862305
2016-07-13,22.139909744262695
2016-07-14,22.578725814819336
2016-07-15,22.576435089111328
2016-07-18,22.81642723083496
2016-07-19,22.8255672454834
2016-07-20,22.846141815185547
2016-07-21,22.72500228881836
2016-07-22,22.549015045166016
2016-07-25,22.247325897216797
2016-07-26,22.094196319580078
2016-07-27,23.529510498046875
2016-07-28,23.847198486328125
2016-07-29,23.81748390197754
2016-08-01,24.238025665283203
2016-08-02,23.879192352294922
2016-08-03,24.1785945892334
2016-08-04,24.327964782714844
2016-08-05,24.69792366027832
2016-08-08,24.902441024780273
2016-08-09,25.003543853759766
2016-08-10,24.817413330078125
2016-08-11,24.801332473754883
2016-08-12,24.85877799987793
2016-08-15,25.15750503540039
2016-08-16,25.134531021118164
2016-08-17,25.097763061523438
2016-08-18,25.065593719482422
2016-08-19,25.129934310913086
2016-08-22,24.934608459472656
2016-08-23,25.012741088867188
2016-08-24,24.824312210083008
2016-08-25,24.718605041503906
2016-08-26,24.57383918762207
2016-08-29,24.54625701904297
2016-08-30,24.357833862304688
2016-08-31,24.380817413330078
2016-09-01,24.525583267211914
2016-09-02,24.7553768157959
2016-09-06,24.74847984313965
2016-09-07,24.90013885498047
2016-09-08,24.247533798217773
2016-09-09,23.698333740234375
2016-09-12,24.229148864746094
2016-09-13,24.805925369262695
2016-09-14,25.683725357055664
2016-09-15,26.556928634643555
2016-09-16,26.407564163208008
2016-09-19,26.099651336669922
2016-09-20,26.09735107421875
2016-09-21,26.09275245666504
2016-09-22,26.3386287689209
2016-09-23,25.899734497070312
2016-09-26,25.93879508972168
2016-09-27,25.9870548248291
2016-09-28,26.18467140197754
2016-09-29,25.777944564819336
2016-09-30,25.977863311767578
2016-10-03,25.856069564819336
2016-10-04,25.966371536254883
2016-10-05,25.977863311767578
2016-10-06,26.170883178710938
2016-10-07,26.209949493408203
2016-10-10,26.667234420776367
2016-10-11,26.724687576293945
2016-10-12,26.963665008544922
2016-10-13,26.880937576293945
2016-10-14,27.030303955078125
2016-10-17,27.011917114257812
2016-10-18,26.993541717529297
2016-10-19,26.913114547729492
2016-10-20,26.899320602416992
2016-10-21,26.79361915588379
2016-10-24,27.034896850585938
2016-10-25,27.172773361206055
2016-10-26,26.561527252197266
2016-10-27,26.30646324157715
2016-10-28,26.131818771362305
2016-10-31,26.090452194213867
2016-11-01,25.619386672973633
2016-11-02,25.642364501953125
2016-11-03,25.367509841918945
2016-11-04,25.138853073120117
2016-11-07,25.501476287841797
2016-11-08,25.65160369873047
2016-11-09,25.61002540588379
2016-11-10,24.896329879760742
2016-11-11,25.044153213500977
2016-11-14,24.415916442871094
2016-11-15,24.73927116394043
2016-11-16,25.404468536376953
2016-11-17,25.39522361755371
2016-11-18,25.420635223388672
2016-11-21,25.80635643005371
2016-11-22,25.822525024414062
2016-11-23,25.69087028503418
2016-11-25,25.820220947265625
2016-11-28,25.76940155029297
2016-11-29,25.743993759155273
2016-11-30,25.526878356933594
2016-12-01,25.288978576660156
2016-12-02,25.383676528930664
2016-12-05,25.20121192932129
2016-12-06,25.39522361755371
2016-12-07,25.644676208496094
2016-12-08,25.89643669128418
2016-12-09,26.31911277770996
2016-12-12,26.168975830078125
2016-12-13,26.605512619018555
2016-12-14,26.605512619018555
2016-12-15,26.751026153564453
2016-12-16,26.785676956176758
2016-12-19,26.94042205810547
2016-12-20,27.01201820373535
2016-12-21,27.037429809570312
2016-12-22,26.859582901000977
2016-12-23,26.912702560424805
2016-12-27,27.083621978759766
2016-12-28,26.968137741088867
2016-12-29,26.961210250854492
2016-12-30,26.751026153564453
2017-01-03,26.827245712280273
2017-01-04,26.797218322753906
2017-01-05,26.933496475219727
2017-01-06,27.23375701904297
2017-01-09,27.483198165893555
2017-01-10,27.510915756225586
2017-01-11,27.658737182617188
2017-01-12,27.543251037597656
2017-01-13,27.494749069213867
2017-01-17,27.716482162475586
2017-01-18,27.714170455932617
2017-01-19,27.66566276550293
2017-01-20,27.716482162475586
2017-01-23,27.734956741333008
2017-01-24,27.709552764892578
2017-01-25,28.15070915222168
2017-01-26,28.16457176208496
2017-01-27,28.1668758392334
2017-01-30,28.09296417236328
2017-01-31,28.028297424316406
2017-02-01,29.73748016357422
2017-02-02,29.686664581298828
2017-02-03,29.813690185546875
2017-02-06,30.093170166015625
2017-02-07,30.37957191467285
2017-02-08,30.49736213684082
2017-02-09,30.717742919921875
2017-02-10,30.64814567565918
2017-02-13,30.91956329345703
2017-02-14,31.32087516784668
2017-02-15,31.434541702270508
2017-02-16,31.397415161132812
2017-02-17,31.48324966430664
2017-02-21,31.710586547851562
2017-02-22,31.80569076538086
2017-02-23,31.67115020751953
2017-02-24,31.701305389404297
2017-02-27,31.763946533203125
2017-02-28,31.77784538269043
2017-03-01,32.42738723754883
2017-03-02,32.23483657836914
2017-03-03,32.425048828125
2017-03-06,32.322994232177734
2017-03-07,32.36474609375
2017-03-08,32.24412155151367
2017-03-09,32.169883728027344
2017-03-10,32.27659225463867
2017-03-13,32.290504455566406
2017-03-14,32.24180603027344
2017-03-15,32.58280944824219
2017-03-16,32.63615036010742
2017-03-17,32.47377395629883
2017-03-20,32.81476593017578
2017-03-21,32.43897247314453
2017-03-22,32.80548858642578
2017-03-23,32.68949508666992
2017-03-24,32.62455368041992
2017-03-27,32.68022918701172
2017-03-28,33.35758972167969
2017-03-29,33.43181610107422
2017-03-30,33.38774490356445
2017-03-31,33.32510757446289
2017-04-03,33.33438491821289
2017-04-04,33.58259963989258
2017-04-05,33.40861892700195
2017-04-06,33.32510757446289
2017-04-07,33.250877380371094
2017-04-10,33.211429595947266
2017-04-11,32.85421371459961
2017-04-12,32.89365005493164
2017-04-13,32.71965789794922
2017-04-17,32.900611877441406
2017-04-18,32.75444793701172
2017-04-19,32.63383483886719
2017-04-20,33.042110443115234
2017-04-21,33.00265884399414
2017-04-24,33.320465087890625
2017-04-25,33.52692413330078
2017-04-26,33.329750061035156
2017-04-27,33.35526657104492
2017-04-28,33.32279968261719
2017-05-01,34.002471923828125
2017-05-02,34.21819305419922
2017-05-03,34.11381912231445
2017-05-04,33.99085998535156
2017-05-05,34.554569244384766
2017-05-08,35.49405288696289
2017-05-09,35.72138214111328
2017-05-10,35.55203628540039
2017-05-11,35.85951232910156
2017-05-12,36.36030578613281
2017-05-15,36.26713943481445
2017-05-16,36.21356964111328
2017-05-17,34.99767303466797
2017-05-18,35.53107452392578
2017-05-19,35.652198791503906
2017-05-22,35.86882400512695
2017-05-23,35.82456588745117
2017-05-24,35.7174186706543
2017-05-25,35.84086990356445
2017-05-26,35.780311584472656
2017-05-30,35.79429244995117
2017-05-31,35.58232116699219
2017-06-01,35.68015670776367
2017-06-02,36.20889663696289
2017-06-05,35.85484313964844
2017-06-06,35.97596740722656
2017-06-07,36.19026565551758
2017-06-08,36.10175704956055
2017-06-09,34.70184326171875
2017-06-12,33.87260055541992
2017-06-13,34.145137786865234
2017-06-14,33.81206130981445
2017-06-15,33.609405517578125
2017-06-16,33.138893127441406
2017-06-19,34.0869026184082
2017-06-20,33.77710723876953
2017-06-21,33.9774284362793
2017-06-22,33.92153549194336
2017-06-23,34.07292938232422
2017-06-26,33.965797424316406
2017-06-27,33.47896957397461
2017-06-28,33.96811294555664
2017-06-29,33.46732711791992
2017-06-30,33.5465202331543
2017-07-03,33.425392150878906
2017-07-05,33.56281280517578
2017-07-06,33.24604797363281
2017-07-07,33.58378982543945
2017-07-10,33.788761138916016
2017-07-11,33.89823913574219
2017-07-12,33.94715881347656
2017-07-13,34.42000198364258
2017-07-14,34.7158203125
2017-07-17,34.83694076538086
2017-07-18,34.958072662353516
2017-07-19,35.177024841308594
2017-07-20,35.01862716674805
2017-07-21,35.00232696533203
2017-07-24,35.42625045776367
2017-07-25,35.577667236328125
2017-07-26,35.745365142822266
2017-07-27,35.06987762451172
2017-07-28,34.822975158691406
2017-07-31,34.64360809326172
2017-08-01,34.951087951660156
2017-08-02,36.60254669189453
2017-08-03,36.23686218261719
2017-08-04,36.4278564453125
2017-08-07,36.991539001464844
2017-08-08,37.2873649597168
2017-08-09,37.515628814697266
2017-08-10,36.3206901550293
2017-08-11,36.8257942199707
2017-08-14,37.3800048828125
2017-08-15,37.78923034667969
2017-08-16,37.63722610473633
2017-08-17,36.91466522216797
2017-08-18,36.83047866821289
2017-08-21,36.762657165527344
2017-08-22,37.36363983154297
2017-08-23,37.410400390625
2017-08-24,37.2443733215332
2017-08-25,37.38233947753906
2017-08-28,37.75883483886719
2017-08-29,38.0955810546875
2017-08-30,38.19845962524414
2017-08-31,38.35047149658203
2017-09-01,38.36215591430664
2017-09-05,37.901485443115234
2017-09-06,37.86172103881836
2017-09-07,37.70972442626953
2017-09-08,37.09471130371094
2017-09-11,37.765838623046875
2017-09-12,37.61618423461914
2017-09-13,37.3332405090332
2017-09-14,37.01286697387695
2017-09-15,37.387020111083984
2017-09-18,37.10407638549805
2017-09-19,37.118106842041016
2017-09-20,36.49607467651367
2017-09-21,35.869380950927734
2017-09-22,35.51860427856445
2017-09-25,35.205257415771484
2017-09-26,35.810916900634766
2017-09-27,36.0658073425293
2017-09-28,35.84365463256836
2017-09-29,36.04008102416992
2017-10-02,35.967594146728516
2017-10-03,36.12425994873047
2017-10-04,35.89041519165039
2017-10-05,36.337059020996094
2017-10-06,36.31602096557617
2017-10-09,36.442291259765625
2017-10-10,36.4563102722168
2017-10-11,36.60833740234375
2017-10-12,36.47970962524414
2017-10-13,36.71121597290039
2017-10-16,37.387020111083984
2017-10-17,37.524986267089844
2017-10-18,37.35896301269531
2017-10-19,36.47502899169922
2017-10-20,36.53818130493164
2017-10-23,36.51945495605469
2017-10-24,36.736934661865234
2017-10-25,36.57557678222656
2017-10-26,36.80943298339844
2017-10-27,38.1283073425293
2017-10-30,38.98651885986328
2017-10-31,39.5290412902832
2017-11-01,39.02626419067383
2017-11-02,39.31155776977539
2017-11-03,40.338138580322266
2017-11-06,40.74736404418945
2017-11-07,40.87831497192383
2017-11-08,41.21271514892578
2017-11-09,41.128536224365234
2017-11-10,40.99241256713867
2017-11-13,40.8281364440918
2017-11-14,40.210914611816406
2017-11-15,39.6805419921875
2017-11-16,40.15459442138672
2017-11-17,39.93163299560547
2017-11-20,39.89173889160156
2017-11-21,40.63335418701172
2017-11-22,41.06047821044922
2017-11-24,41.06282424926758
2017-11-27,40.856300354003906
2017-11-28,40.61692428588867
2017-11-29,39.77439880371094
2017-11-30,40.33061218261719
2017-12-01,40.14284896850586
2017-12-04,39.8494873046875
2017-12-05,39.81195068359375
2017-12-06,39.66409683227539
2017-12-07,39.736846923828125
2017-12-08,39.74857711791992
2017-12-11,40.52303695678711
2017-12-12,40.2953987121582
2017-12-13,40.42917251586914
2017-12-14,40.41743469238281
2017-12-15,40.8281364440918
2017-12-18,41.40312194824219
2017-12-19,40.9619026184082
2017-12-20,40.91731643676758
2017-12-21,41.07220458984375
2017-12-22,41.07220458984375
2017-12-26,40.03020095825195
2017-12-27,40.0372428894043
2017-12-28,40.149898529052734
2017-12-29,39.715728759765625
2018-01-02,40.42681884765625
2018-01-03,40.41978073120117
2018-01-04,40.60753631591797
2018-01-05,41.069854736328125
2018-01-08,40.91731643676758
2018-01-09,40.912620544433594
2018-01-10,40.90323257446289
2018-01-11,41.13557815551758
2018-01-12,41.56035614013672
2018-01-16,41.34914779663086
2018-01-17,42.032066345214844
2018-01-18,42.06961441040039
2018-01-19,41.88188171386719
2018-01-22,41.539215087890625
2018-01-23,41.548614501953125
2018-01-24,40.886810302734375
2018-01-25,40.15694046020508
2018-01-26,40.25081253051758
2018-01-29,39.41767883300781
2018-01-30,39.18534469604492
2018-01-31,39.293296813964844
2018-02-01,39.37542724609375
2018-02-02,37.66693878173828
2018-02-05,36.72583770751953
2018-02-06,38.260684967041016
2018-02-07,37.44163513183594
2018-02-08,36.4113655090332
2018-02-09,36.856727600097656
2018-02-12,38.34126663208008
2018-02-13,38.72536849975586
2018-02-14,39.43936538696289
2018-02-15,40.7636604309082
2018-02-16,40.63170623779297
2018-02-20,40.49503707885742
2018-02-21,40.31123352050781
2018-02-22,40.64820098876953
2018-02-23,41.355133056640625
2018-02-26,42.17280578613281
2018-02-27,42.0361442565918
2018-02-28,41.97251892089844
2018-03-01,41.2373046875
2018-03-02,41.522430419921875
2018-03-05,41.66617965698242
2018-03-06,41.63083267211914
2018-03-07,41.24436569213867
2018-03-08,41.694461822509766
2018-03-09,42.41080093383789
2018-03-12,42.82082748413086
2018-03-13,42.408443450927734
2018-03-14,42.04791259765625
2018-03-15,42.0974006652832
2018-03-16,41.948944091796875
2018-03-19,41.3079948425293
2018-03-20,41.29386901855469
2018-03-21,40.35836410522461
2018-03-22,39.78811264038086
2018-03-23,38.86674499511719
2018-03-26,40.711830139160156
2018-03-27,39.66793441772461
2018-03-28,39.229637145996094
2018-03-29,39.535972595214844
2018-04-02,39.276771545410156
2018-04-03,39.679718017578125
2018-04-04,40.43848419189453
2018-04-05,40.718910217285156
2018-04-06,39.67737579345703
2018-04-09,40.07088088989258
2018-04-10,40.82493591308594
2018-04-11,40.634063720703125
2018-04-12,41.03465270996094
2018-04-13,41.173683166503906
2018-04-16,41.43053436279297
2018-04-17,42.000789642333984
2018-04-18,41.90653610229492
2018-04-19,40.718910217285156
2018-04-20,39.05055618286133
2018-04-23,38.93745040893555
2018-04-24,38.39546203613281
2018-04-25,38.56277084350586
2018-04-26,38.69709777832031
2018-04-27,38.24938201904297
2018-04-30,38.94217300415039
2018-05-01,39.847015380859375
2018-05-02,41.60725784301758
2018-05-03,41.682655334472656
2018-05-04,43.31803512573242
2018-05-07,43.63143539428711
2018-05-08,43.84115219116211
2018-05-09,44.149845123291016
2018-05-10,44.78136444091797
2018-05-11,44.61104202270508
2018-05-14,44.5069580078125
2018-05-15,44.10247039794922
2018-05-16,44.51405334472656
2018-05-17,44.23257064819336
2018-05-18,44.07171630859375
2018-05-21,44.38396072387695
2018-05-22,44.27278518676758
2018-05-23,44.556636810302734
2018-05-24,44.5069580078125
2018-05-25,44.60867691040039
2018-05-29,44.44782257080078
2018-05-30,44.35320281982422
2018-05-31,44.20417785644531
2018-06-01,45.0013542175293
2018-06-04,45.37746047973633
2018-06-05,45.72755432128906
2018-06-06,45.886043548583984
2018-06-07,45.76305389404297
2018-06-08,45.346717834472656
2018-06-11,45.23554229736328
2018-06-12,45.483909606933594
2018-06-13,45.11016082763672
2018-06-14,45.133811950683594
2018-06-15,44.67018127441406
2018-06-18,44.64653778076172
2018-06-19,43.92505645751953
2018-06-20,44.11665344238281
2018-06-21,43.87063980102539
2018-06-22,43.74290084838867
2018-06-25,43.092376708984375
2018-06-26,43.62699508666992
2018-06-27,43.56311798095703
2018-06-28,43.88010025024414
2018-06-29,43.787841796875
2018-07-02,44.27751159667969
2018-07-03,43.50634765625
2018-07-05,43.8564567565918
2018-07-06,44.46438217163086
2018-07-09,45.081783294677734
2018-07-10,45.027366638183594
2018-07-11,44.443084716796875
2018-07-12,45.18822479248047
2018-07-13,45.259185791015625
2018-07-16,45.15983581542969
2018-07-17,45.287574768066406
2018-07-18,45.03919219970703
2018-07-19,45.38930130004883
2018-07-20,45.28521728515625
2018-07-23,45.32542037963867
2018-07-24,45.654232025146484
2018-07-25,46.08476257324219
2018-07-26,45.940460205078125
2018-07-27,45.176395416259766
2018-07-30,44.92328643798828
2018-07-31,45.013179779052734
2018-08-01,47.664920806884766
2018-08-02,49.058197021484375
2018-08-03,49.20011901855469
2018-08-06,49.455596923828125
2018-08-07,48.991947174072266
2018-08-08,49.02507400512695
2018-08-09,49.410648345947266
2018-08-10,49.26348114013672
2018-08-13,49.581565856933594
2018-08-14,49.79045867919922
2018-08-15,49.90678787231445
2018-08-16,50.63791275024414
2018-08-17,51.649139404296875
2018-08-20,51.14590072631836
2018-08-21,51.046199798583984
2018-08-22,51.04856872558594
2018-08-23,51.15302658081055
2018-08-24,51.31205749511719
2018-08-27,51.7346076965332
2018-08-28,52.152381896972656
2018-08-29,52.93100357055664
2018-08-30,53.417633056640625
2018-08-31,54.034820556640625
2018-09-04,54.20810317993164
2018-09-05,53.85440444946289
2018-09-06,52.95948791503906
2018-09-07,52.532203674316406
2018-09-10,51.82718276977539
2018-09-11,53.13751220703125
2018-09-12,52.47761917114258
2018-09-13,53.74520492553711
2018-09-14,53.13513946533203
2018-09-17,51.720359802246094
2018-09-18,51.80583190917969
2018-09-19,51.83667755126953
2018-09-20,52.2307243347168
2018-09-21,51.66813659667969
2018-09-24,52.4111328125
2018-09-25,52.743473052978516
2018-09-26,52.323299407958984
2018-09-27,53.39863967895508
2018-09-28,53.58616256713867
2018-10-01,53.946983337402344
2018-10-02,54.42648696899414
2018-10-03,55.088783264160156
2018-10-04,54.120277404785156
2018-10-05,53.24195861816406
2018-10-08,53.1185302734375
2018-10-09,53.85440444946289
2018-10-10,51.35955047607422
2018-10-11,50.90615463256836
2018-10-12,52.724483489990234
2018-10-15,51.59693145751953
2018-10-16,52.733970642089844
2018-10-17,52.50608825683594
2018-10-18,51.27882766723633
2018-10-19,52.059810638427734
2018-10-22,52.37790298461914
2018-10-23,52.871646881103516
2018-10-24,51.058067321777344
2018-10-25,52.176124572753906
2018-10-26,51.345306396484375
2018-10-29,50.38154220581055
2018-10-30,50.633155822753906
2018-10-31,51.952999114990234
2018-11-01,52.750587463378906
2018-11-02,49.25160217285156
2018-11-05,47.85343933105469
2018-11-06,48.37092590332031
2018-11-07,49.837947845458984
2018-11-08,49.66404724121094
2018-11-09,48.706451416015625
2018-11-12,46.252899169921875
2018-11-13,45.790771484375
2018-11-14,44.4973030090332
2018-11-15,45.59543991088867
2018-11-16,46.1004638671875
2018-11-19,44.273399353027344
2018-11-20,42.15810012817383
2018-11-21,42.11045837402344
2018-11-23,41.0409049987793
2018-11-26,41.59592819213867
2018-11-27,41.50540542602539
2018-11-28,43.101402282714844
2018-11-29,42.770301818847656
2018-11-30,42.539241790771484
2018-12-03,44.02566146850586
2018-12-04,42.089012145996094
2018-12-06,41.619754791259766
2018-12-07,40.135719299316406
2018-12-10,40.400123596191406
2018-12-11,40.169063568115234
2018-12-12,40.28102111816406
2018-12-13,40.72171401977539
2018-12-14,39.41870880126953
2018-12-17,39.05186080932617
2018-12-18,39.55925369262695
2018-12-19,38.3253288269043
2018-12-20,37.35821533203125
2018-12-21,35.90513229370117
2018-12-24,34.97612380981445
2018-12-26,37.43919372558594
2018-12-27,37.196224212646484
2018-12-28,37.215274810791016
2018-12-31,37.57496643066406
2019-01-02,37.61785888671875
2019-01-03,33.870845794677734
2019-01-04,35.31675720214844
2019-01-07,35.23815155029297
2019-01-08,35.9099006652832
2019-01-09,36.519710540771484
2019-01-10,36.63643264770508
2019-01-11,36.2767333984375
2019-01-14,35.73124694824219
2019-01-15,36.4625358581543
2019-01-16,36.90799331665039
2019-01-17,37.12714385986328
2019-01-18,37.3558235168457
2019-01-22,36.517333984375
2019-01-23,36.6650276184082
2019-01-24,36.37440490722656
2019-01-25,37.57973861694336
2019-01-28,37.231956481933594
2019-01-29,36.84606170654297
2019-01-30,39.36391830444336
2019-01-31,39.64738464355469
2019-02-01,39.66644287109375
2019-02-04,40.79315948486328
2019-02-05,41.49112319946289
2019-02-06,41.50540542602539
2019-02-07,40.71932601928711
2019-02-08,40.76716995239258
2019-02-11,40.5327262878418
2019-02-12,40.881996154785156
2019-02-13,40.71214294433594
2019-02-14,40.860477447509766
2019-02-15,40.76955795288086
2019-02-19,40.891578674316406
2019-02-20,41.154720306396484
2019-02-21,40.92266845703125
2019-02-22,41.379600524902344
2019-02-25,41.681034088134766
2019-02-26,41.704952239990234
2019-02-27,41.83413314819336
2019-02-28,41.42265701293945
2019-03-01,41.858055114746094
2019-03-04,42.068580627441406
2019-03-05,41.99201583862305
2019-03-06,41.75040817260742
2019-03-07,41.26716232299805
2019-03-08,41.3652458190918
2019-03-11,42.79823303222656
2019-03-12,43.27907943725586
2019-03-13,43.47047805786133
2019-03-14,43.953712463378906
2019-03-15,44.525474548339844
2019-03-18,44.98000717163086
2019-03-19,44.6235466003418
2019-03-20,45.01350021362305
2019-03-21,46.67136001586914
2019-03-22,45.70487976074219
2019-03-25,45.15226364135742
2019-03-26,44.68575668334961
2019-03-27,45.0876579284668
2019-03-28,45.1474723815918
2019-03-29,45.441715240478516
2019-04-01,45.75033187866211
2019-04-02,46.41539001464844
2019-04-03,46.73356246948242
2019-04-04,46.81488800048828
2019-04-05,47.128292083740234
2019-04-08,47.869911193847656
2019-04-09,47.72636413574219
2019-04-10,47.99431610107422
2019-04-11,47.594791412353516
2019-04-12,47.575653076171875
2019-04-15,47.661781311035156
2019-04-16,47.66657257080078
2019-04-17,48.59477996826172
2019-04-18,48.76941680908203
2019-04-22,48.929691314697266
2019-04-23,49.63542175292969
2019-04-24,49.558868408203125
2019-04-25,49.109130859375
2019-04-26,48.87466812133789
2019-04-29,48.94883728027344
2019-04-30,48.00627136230469
2019-05-01,50.36268615722656
2019-05-02,50.03492736816406
2019-05-03,50.65694046020508
2019-05-06,49.87464904785156
2019-05-07,48.53017807006836
2019-05-08,48.53974914550781
2019-05-09,48.01823043823242
2019-05-10,47.35301208496094
2019-05-13,44.60088348388672
2019-05-14,45.30693054199219
2019-05-15,45.849666595458984
2019-05-16,45.64793395996094
2019-05-17,45.38857650756836
2019-05-20,43.96928787231445
2019-05-21,44.81220626831055
2019-05-22,43.89482879638672
2019-05-23,43.14556121826172
2019-05-24,42.979854583740234
2019-05-28,42.802154541015625
2019-05-29,42.5980224609375
2019-05-30,42.818973541259766
2019-05-31,42.04326629638672
2019-06-03,41.618194580078125
2019-06-04,43.14075469970703
2019-06-05,43.837188720703125
2019-06-06,44.480804443359375
2019-06-07,45.66474533081055
2019-06-10,46.248321533203125
2019-06-11,46.783843994140625
2019-06-12,46.63496017456055
2019-06-13,46.625343322753906
2019-06-14,46.286739349365234
2019-06-17,46.56291580200195
2019-06-18,47.65799331665039
2019-06-19,47.518714904785156
2019-06-20,47.900550842285156
2019-06-21,47.73726272583008
2019-06-24,47.68921661376953
2019-06-25,46.966365814208984
2019-06-26,47.982200622558594
2019-06-27,47.96780776977539
2019-06-28,47.53071975708008
2019-07-01,48.40248107910156
2019-07-02,48.685848236083984
2019-07-03,49.08930969238281
2019-07-05,49.046077728271484
2019-07-08,48.0350456237793
2019-07-09,48.32802200317383
2019-07-10,48.80592346191406
2019-07-11,48.45050811767578
2019-07-12,48.82273864746094
2019-07-15,49.281429290771484
2019-07-16,49.11091232299805
2019-07-17,48.83474349975586
2019-07-18,49.389495849609375
2019-07-19,48.65222930908203
2019-07-22,49.76413345336914
2019-07-23,50.15317916870117
2019-07-24,50.11234664916992
2019-07-25,49.716102600097656
2019-07-26,49.889007568359375
2019-07-29,50.35490417480469
2019-07-30,50.138771057128906
2019-07-31,51.16181945800781
2019-08-01,50.05470657348633
2019-08-02,48.995643615722656
2019-08-05,46.43083572387695
2019-08-06,47.309783935546875
2019-08-07,47.7996940612793
2019-08-08,48.85395431518555
2019-08-09,48.45138168334961
2019-08-12,48.32843780517578
2019-08-13,50.37506103515625
2019-08-14,48.87565994262695
2019-08-15,48.632179260253906
2019-08-16,49.779640197753906
2019-08-19,50.707740783691406
2019-08-20,50.71014404296875
2019-08-21,51.25978469848633
2019-08-22,51.21638107299805
2019-08-23,48.84914016723633
2019-08-26,49.777225494384766
2019-08-27,49.215553283691406
2019-08-28,49.54580307006836
2019-08-29,50.38471221923828
2019-08-30,50.31962585449219
2019-09-03,49.5867919921875
2019-09-04,50.428096771240234
2019-09-05,51.41404724121094
2019-09-06,51.40922546386719
2019-09-09,51.62860107421875
2019-09-10,52.23848342895508
2019-09-11,53.8994140625
2019-09-12,53.77888107299805
2019-09-13,52.7326774597168
2019-09-16,53.009891510009766
2019-09-17,53.2027473449707
2019-09-18,53.70174789428711
2019-09-19,53.26542282104492
2019-09-20,52.486778259277344
2019-09-23,52.725440979003906
2019-09-24,52.47472381591797
2019-09-25,53.28229522705078
2019-09-26,53.00748062133789
2019-09-27,52.74954605102539
2019-09-30,53.99101638793945
2019-10-01,54.140480041503906
2019-10-02,52.78329849243164
2019-10-03,53.23167419433594
2019-10-04,54.723854064941406
2019-10-07,54.73590850830078
2019-10-08,54.09468460083008
2019-10-09,54.728668212890625
2019-10-10,55.4663200378418
2019-10-11,56.94164276123047
2019-10-14,56.85966873168945
2019-10-15,56.72709655761719
2019-10-16,56.49808120727539
2019-10-17,56.71745300292969
2019-10-18,56.9898567199707
2019-10-21,57.978206634521484
2019-10-22,57.845638275146484
2019-10-23,58.621864318847656
2019-10-24,58.718284606933594
2019-10-25,59.44148254394531
2019-10-28,60.03689956665039
2019-10-29,58.648372650146484
2019-10-30,58.641136169433594
2019-10-31,59.96698760986328
2019-11-01,61.66890335083008
2019-11-04,62.07388687133789
2019-11-05,61.98469161987305
2019-11-06,62.011207580566406
2019-11-07,62.72691345214844
2019-11-08,62.89856719970703
2019-11-11,63.396636962890625
2019-11-12,63.338619232177734
2019-11-13,63.94551467895508
2019-11-14,63.503028869628906
2019-11-15,64.25743865966797
2019-11-18,64.58141326904297
2019-11-19,64.38554382324219
2019-11-20,63.63603973388672
2019-11-21,63.35070037841797
2019-11-22,63.29510498046875
2019-11-25,64.40491485595703
2019-11-26,63.90198516845703
2019-11-27,64.76033020019531
2019-11-29,64.61766815185547
2019-12-02,63.87055206298828
2019-12-03,62.73175048828125
2019-12-04,63.28542709350586
2019-12-05,64.21387481689453
2019-12-06,65.45426940917969
2019-12-09,64.53787994384766
2019-12-10,64.9150619506836
2019-12-11,65.46875762939453
2019-12-12,65.63558959960938
2019-12-13,66.52777862548828
2019-12-16,67.66661071777344
2019-12-17,67.7995834350586
2019-12-18,67.63760375976562
2019-12-19,67.70529174804688
2019-12-20,67.56507873535156
2019-12-23,68.66763305664062
2019-12-24,68.7328872680664
2019-12-26,70.09658813476562
2019-12-27,70.06997680664062
2019-12-30,70.48585510253906
2019-12-31,71.00086212158203
2020-01-02,72.62084197998047
2020-01-03,71.91482543945312
2020-01-06,72.48786926269531
2020-01-07,72.1469497680664
2020-01-08,73.30751037597656
2020-01-09,74.86461639404297
2020-01-10,75.03388977050781
2020-01-13,76.63690948486328
2020-01-14,75.60208129882812
2020-01-15,75.27808380126953
2020-01-16,76.22106170654297
2020-01-17,77.06488037109375
2020-01-21,76.54261779785156
2020-01-22,76.81587219238281
2020-01-23,77.185791015625
2020-01-24,76.96334838867188
2020-01-27,74.70021057128906
2020-01-28,76.81342315673828
2020-01-29,78.42132568359375
2020-01-30,78.30768585205078
2020-01-31,74.83561706542969
2020-02-03,74.63011932373047
2020-02-04,77.0938949584961
2020-02-05,77.7225570678711
2020-02-06,78.63168334960938
2020-02-07,77.5628433227539
2020-02-10,77.93123626708984
2020-02-11,77.46105194091797
2020-02-12,79.30059051513672
2020-02-13,78.73588562011719
2020-02-14,78.75526428222656
2020-02-18,77.313232421875
2020-02-19,78.43294525146484
2020-02-20,77.62828826904297
2020-02-21,75.87117004394531
2020-02-24,72.26725769042969
2020-02-25,69.81941986083984
2020-02-26,70.9270248413086
2020-02-27,66.29064178466797
2020-02-28,66.25186920166016
2020-03-02,72.4199447631836
2020-03-03,70.11995697021484
2020-03-04,73.37242889404297
2020-03-05,70.992431640625
2020-03-06,70.0496597290039
2020-03-09,64.50928497314453
2020-03-10,69.15534973144531
2020-03-11,66.7535629272461
2020-03-12,60.161319732666016
2020-03-13,67.36914825439453
2020-03-16,58.702308654785156
2020-03-17,61.28345489501953
2020-03-18,59.78323745727539
2020-03-19,59.32517623901367
2020-03-20,55.55889129638672
2020-03-23,54.378578186035156
2020-03-24,59.83413314819336
2020-03-25,59.5045280456543
2020-03-26,62.63582992553711
2020-03-27,60.04256820678711
2020-03-30,61.75605773925781
2020-03-31,61.630035400390625
2020-04-01,58.387237548828125
2020-04-02,59.36152648925781
2020-04-03,58.5084228515625
2020-04-06,63.61254119873047
2020-04-07,62.87578201293945
2020-04-08,64.48504638671875
2020-04-09,64.95035552978516
2020-04-13,66.22520446777344
2020-04-14,69.56977081298828
2020-04-15,68.93479919433594
2020-04-16,69.48252868652344
2020-04-17,68.53974151611328
2020-04-20,67.1170883178711
2020-04-21,65.04248809814453
2020-04-22,66.91596221923828
2020-04-23,66.65660858154297
2020-04-24,68.5809555053711
2020-04-27,68.6294174194336
2020-04-28,67.51696014404297
2020-04-29,69.73458862304688
2020-04-30,71.20571899414062
2020-05-01,70.0593490600586
2020-05-04,71.05062866210938
2020-05-05,72.11698913574219
2020-05-06,72.86105346679688
2020-05-07,73.61478424072266
2020-05-08,75.36695098876953
2020-05-11,76.55286407470703
2020-05-12,75.67801666259766
2020-05-13,74.7642593383789
2020-05-14,75.22355651855469
2020-05-15,74.77884674072266
2020-05-18,76.54072570800781
2020-05-19,76.09842681884766
2020-05-20,77.57841491699219
2020-05-21,77.0000228881836
2020-05-22,77.49578094482422
2020-05-26,76.97085571289062
2020-05-27,77.30619812011719
2020-05-28,77.34022521972656
2020-05-29,77.26492309570312
2020-06-01,78.21511840820312
2020-06-02,78.57720947265625
2020-06-03,79.00978088378906
2020-06-04,78.32933044433594
2020-06-05,80.56023406982422
2020-06-08,81.03653717041016
2020-06-09,83.59550476074219
2020-06-10,85.74620056152344
2020-06-11,81.6294937133789
2020-06-12,82.33426666259766
2020-06-15,83.35249328613281
2020-06-16,85.56150817871094
2020-06-17,85.44242858886719
2020-06-18,85.47645568847656
2020-06-19,84.98799896240234
2020-06-22,87.21160888671875
2020-06-23,89.07311248779297
2020-06-24,87.50080871582031
2020-06-25,88.66242218017578
2020-06-26,85.93819427490234
2020-06-29,87.9188003540039
2020-06-30,88.65269470214844
2020-07-01,88.48502349853516
2020-07-02,88.48502349853516
2020-07-06,90.8520278930664
2020-07-07,90.57009887695312
2020-07-08,92.67950439453125
2020-07-09,93.07804107666016
2020-07-10,93.24085235595703
2020-07-13,92.81073760986328
2020-07-14,94.34659576416016
2020-07-15,94.99543762207031
2020-07-16,93.82654571533203
2020-07-17,93.63699340820312
2020-07-20,95.61027526855469
2020-07-21,94.29070281982422
2020-07-22,94.55559539794922
2020-07-23,90.25176239013672
2020-07-24,90.0281753540039
2020-07-27,92.16185760498047
2020-07-28,90.64788818359375
2020-07-29,92.38545227050781
2020-07-30,93.50332641601562
2020-07-31,103.29206085205078
2020-08-03,105.89476013183594
2020-08-04,106.60194396972656
2020-08-05,106.98835754394531
2020-08-06,110.72107696533203
2020-08-07,108.20377349853516
2020-08-10,109.7764892578125
2020-08-11,106.51176452636719
2020-08-12,110.05159759521484
2020-08-13,111.99923706054688
2020-08-14,111.89942169189453
2020-08-17,111.6072769165039
2020-08-18,112.53727722167969
2020-08-19,112.678466796875
2020-08-20,115.17878723144531
2020-08-21,121.11421203613281
2020-08-24,122.56275939941406
2020-08-25,121.55729675292969
2020-08-26,123.21035766601562
2020-08-27,121.73745727539062
2020-08-28,121.5402603149414
2020-08-31,125.66195678710938
2020-09-01,130.66737365722656
2020-09-02,127.96013641357422
2020-09-03,117.71556091308594
2020-09-04,117.7934799194336
2020-09-08,109.86656188964844
2020-09-09,114.24877166748047
2020-09-10,110.5190200805664
2020-09-11,109.06804656982422
2020-09-14,112.34007263183594
2020-09-15,112.51537322998047
2020-09-16,109.19461822509766
2020-09-17,107.45148468017578
2020-09-18,104.04310607910156
2020-09-21,107.19830322265625
2020-09-22,108.88301086425781
2020-09-23,104.31578826904297
2020-09-24,105.3869857788086
2020-09-25,109.34070587158203
2020-09-28,111.95055389404297
2020-09-29,111.10331726074219
2020-09-30,112.77828979492188
2020-10-01,113.73265075683594
2020-10-02,110.06133270263672
2020-10-05,113.45024108886719
2020-10-06,110.19769287109375
2020-10-07,112.0674057006836
2020-10-08,111.96028900146484
2020-10-09,113.90792083740234
2020-10-12,121.14342498779297
2020-10-13,117.92980194091797
2020-10-14,118.01744842529297
2020-10-15,117.55001068115234
2020-10-16,115.9042739868164
2020-10-19,112.94386291503906
2020-10-20,114.43380737304688
2020-10-21,113.81056213378906
2020-10-22,112.71986389160156
2020-10-23,112.0284423828125
2020-10-26,112.03820037841797
2020-10-27,113.54759979248047
2020-10-28,108.28897857666016
2020-10-29,112.3011245727539
2020-10-30,106.01023864746094
2020-11-02,105.9225845336914
2020-11-03,107.54887390136719
2020-11-04,111.94081115722656
2020-11-05,115.91400146484375
2020-11-06,115.78231811523438
2020-11-09,113.47038269042969
2020-11-10,113.12895202636719
2020-11-11,116.56270599365234
2020-11-12,116.28956604003906
2020-11-13,116.33833312988281
2020-11-16,117.35287475585938
2020-11-17,116.46515655517578
2020-11-18,115.13846588134766
2020-11-19,115.73352813720703
2020-11-20,114.46537780761719
2020-11-23,111.06088256835938
2020-11-24,112.3485336303711
2020-11-25,113.18748474121094
2020-11-27,113.73375701904297
2020-11-30,116.13349914550781
2020-12-01,119.71357727050781
2020-12-02,120.06475830078125
2020-12-03,119.92818450927734
2020-12-04,119.25509643554688
2020-12-07,120.71835327148438
2020-12-08,121.33292388916016
2020-12-09,118.79661560058594
2020-12-10,120.2208480834961
2020-12-11,119.41117095947266
2020-12-14,118.79661560058594
2020-12-15,124.74720001220703
2020-12-16,124.67887878417969
2020-12-17,125.54708099365234
2020-12-18,123.55706787109375
2020-12-21,125.08858489990234
2020-12-22,128.649169921875
2020-12-23,127.75171661376953
2020-12-24,128.7369842529297
2020-12-28,133.34133911132812
2020-12-29,131.56591796875
2020-12-30,130.44412231445312
2020-12-31,129.4393310546875
2021-01-04,126.23968505859375
2021-01-05,127.80049896240234
2021-01-06,123.4985122680664
2021-01-07,127.71268463134766
2021-01-08,128.81497192382812
2021-01-11,125.8202133178711
2021-01-12,125.64466094970703
2021-01-13,127.68341827392578
2021-01-14,125.75194549560547
2021-01-15,124.02531433105469
2021-01-19,124.69840240478516
2021-01-20,128.79550170898438
2021-01-21,133.51690673828125
2021-01-22,135.66305541992188
2021-01-25,139.418701171875
2021-01-26,139.65284729003906
2021-01-27,138.5797882080078
2021-01-28,133.73155212402344
2021-01-29,128.72723388671875
2021-02-01,130.8538360595703
2021-02-02,131.6829833984375
2021-02-03,130.65869140625
2021-02-04,134.0242156982422
2021-02-05,133.60899353027344
2021-02-08,133.75550842285156
2021-02-09,132.87628173828125
2021-02-10,132.27053833007812
2021-02-11,132.01654052734375
2021-02-12,132.25100708007812
2021-02-16,130.1212615966797
2021-02-17,127.82537078857422
2021-02-18,126.7214126586914
2021-02-19,126.87773132324219
2021-02-22,123.09690856933594
2021-02-23,122.9601058959961
2021-02-24,122.46186828613281
2021-02-25,118.20232391357422
2021-02-26,118.46611022949219
2021-03-01,124.84564208984375
2021-03-02,122.2371826171875
2021-03-03,119.24769592285156
2021-03-04,117.36214447021484
2021-03-05,118.62242126464844
2021-03-08,113.67902374267578
2021-03-09,118.3000259399414
2021-03-10,117.21561431884766
2021-03-11,119.14999389648438
2021-03-12,118.24139404296875
2021-03-15,121.13320922851562
2021-03-16,122.67679595947266
2021-03-17,121.88546752929688
2021-03-18,117.7529067993164
2021-03-19,117.2253646850586
2021-03-22,120.54702758789062
2021-03-23,119.71662902832031
2021-03-24,117.32305145263672
2021-03-25,117.8115463256836
2021-03-26,118.41727447509766
2021-03-29,118.59310913085938
2021-03-30,117.13743591308594
2021-03-31,119.33560943603516
2021-04-01,120.166015625
2021-04-05,122.99921417236328
2021-04-06,123.30207061767578
2021-04-07,124.95311737060547
2021-04-08,127.3564224243164
2021-04-09,129.93557739257812
2021-04-12,128.21617126464844
2021-04-13,131.33265686035156
2021-04-14,128.9879608154297
2021-04-15,131.4010467529297
2021-04-16,131.06886291503906
2021-04-19,131.7332305908203
2021-04-20,130.04310607910156
2021-04-21,130.42408752441406
2021-04-22,128.90003967285156
2021-04-23,131.22518920898438
2021-04-26,131.61598205566406
2021-04-27,131.2935791015625
2021-04-28,130.5022735595703
2021-04-29,130.40455627441406
2021-04-30,128.4311065673828
2021-05-03,129.48619079589844
2021-05-04,124.90428161621094
2021-05-05,125.1485366821289
2021-05-06,126.7507095336914
2021-05-07,127.42597198486328
2021-05-10,124.1378173828125
2021-05-11,123.21791076660156
2021-05-12,120.1450424194336
2021-05-13,122.29801940917969
2021-05-14,124.7249755859375
2021-05-17,123.5702133178711
2021-05-18,122.18054962158203
2021-05-19,122.02401733398438
2021-05-20,124.58797454833984
2021-05-21,122.74817657470703
2021-05-24,124.38246154785156
2021-05-25,124.1867446899414
2021-05-26,124.1378173828125
2021-05-27,122.60137939453125
2021-05-28,121.94570922851562
2021-06-01,121.62276458740234
2021-06-02,122.38607025146484
2021-06-03,120.8985824584961
2021-06-04,123.19834899902344
2021-06-07,123.2081298828125
2021-06-08,124.03015899658203
2021-06-09,124.41183471679688
2021-06-10,123.41363525390625
2021-06-11,124.62713623046875
2021-06-14,127.69020080566406
2021-06-15,126.8681869506836
2021-06-16,127.36724090576172
2021-06-17,128.97218322753906
2021-06-18,127.67062377929688
2021-06-21,129.47132873535156
2021-06-22,131.1153564453125
2021-06-23,130.8413543701172
2021-06-24,130.5575408935547
2021-06-25,130.26397705078125
2021-06-28,131.8982391357422
2021-06-29,133.41514587402344
2021-06-30,134.03167724609375
2021-07-01,134.33502197265625
2021-07-02,136.967529296875
2021-07-06,138.98345947265625
2021-07-07,141.4789581298828
2021-07-08,140.17735290527344
2021-07-09,142.0074005126953
2021-07-12,141.410400390625
2021-07-13,142.5260467529297
2021-07-14,145.96102905273438
2021-07-15,145.30535888671875
2021-07-16,143.26002502441406
2021-07-19,139.4042510986328
2021-07-20,143.02516174316406
2021-07-21,142.29119873046875
2021-07-22,143.6612548828125
2021-07-23,145.38363647460938
2021-07-26,145.80442810058594
2021-07-27,143.63194274902344
2021-07-28,141.88018798828125
2021-07-29,142.5260467529297
2021-07-30,142.74134826660156
2021-08-02,142.4086151123047
2021-08-03,144.20928955078125
2021-08-04,143.8080596923828
2021-08-05,143.9157257080078
2021-08-06,143.22962951660156
2021-08-09,143.1806182861328
2021-08-10,142.70040893554688
2021-08-11,142.95518493652344
2021-08-12,145.92486572265625
2021-08-13,146.1306915283203
2021-08-16,148.1104736328125
2021-08-17,147.19894409179688
2021-08-18,143.44528198242188
2021-08-19,143.7784881591797
2021-08-20,145.2388458251953
2021-08-23,146.7285614013672
2021-08-24,146.64035034179688
2021-08-25,145.4054412841797
2021-08-26,144.60174560546875
2021-08-27,145.64068603515625
2021-08-30,150.07064819335938
2021-08-31,148.8063201904297
2021-09-01,149.47279357910156
2021-09-02,150.59007263183594
2021-09-03,151.22715759277344
2021-09-07,153.56951904296875
2021-09-08,152.02101135253906
2021-09-09,151.00173950195312
2021-09-10,146.00331115722656
2021-09-13,146.57174682617188
2021-09-14,145.17025756835938
2021-09-15,146.0620880126953
2021-09-16,145.8268280029297
2021-09-17,143.15122985839844
2021-09-20,140.09335327148438
2021-09-21,140.57362365722656
2021-09-22,142.94541931152344
2021-09-23,143.9058837890625
2021-09-24,143.9940643310547
2021-09-27,142.47500610351562
2021-09-28,139.08387756347656
2021-09-29,139.9855499267578
2021-09-30,138.68202209472656
2021-10-01,139.80914306640625
2021-10-04,136.36907958984375
2021-10-05,138.29981994628906
2021-10-06,139.17213439941406
2021-10-07,140.43641662597656
2021-10-08,140.05418395996094
2021-10-11,139.96595764160156
2021-10-12,138.6918487548828
2021-10-13,138.1038055419922
2021-10-14,140.8970489501953
2021-10-15,141.95553588867188
2021-10-18,143.63153076171875
2021-10-19,145.7974853515625
2021-10-20,146.28750610351562
2021-10-21,146.50314331054688
2021-10-22,145.72886657714844
2021-10-25,145.6798553466797
2021-10-26,146.34632873535156
2021-10-27,145.88568115234375
2021-10-28,149.53160095214844
2021-10-29,146.8167724609375
2021-11-01,145.9934844970703
2021-11-02,147.03236389160156
2021-11-03,148.47312927246094
2021-11-04,147.95367431640625
2021-11-05,148.48367309570312
2021-11-08,147.6591796875
2021-11-09,148.02235412597656
2021-11-10,145.18580627441406
2021-11-11,145.13668823242188
2021-11-12,147.21751403808594
2021-11-15,147.22732543945312
2021-11-16,148.2088623046875
2021-11-17,150.65286254882812
2021-11-18,154.95184326171875
2021-11-19,157.5823211669922
2021-11-22,158.04364013671875
2021-11-23,158.4264373779297
2021-11-24,158.94664001464844
2021-11-26,153.9114532470703
2021-11-29,157.27809143066406
2021-11-30,162.2445068359375
2021-12-01,161.72433471679688
2021-12-02,160.7329864501953
2021-12-03,158.84848022460938
2021-12-06,162.26417541503906
2021-12-07,168.01583862304688
2021-12-08,171.84376525878906
2021-12-09,171.33334350585938
2021-12-10,176.13296508789062
2021-12-13,172.49154663085938
2021-12-14,171.1076202392578
2021-12-15,175.98573303222656
2021-12-16,169.07583618164062
2021-12-17,167.97654724121094
2021-12-20,166.61228942871094
2021-12-21,169.79237365722656
2021-12-22,172.3933868408203
2021-12-23,173.02157592773438
2021-12-27,176.99671936035156
2021-12-28,175.97592163085938
2021-12-29,176.06427001953125
2021-12-30,174.90609741210938
2021-12-31,174.28775024414062
2022-01-03,178.64566040039062
2022-01-04,176.3783721923828
2022-01-05,171.6866912841797
2022-01-06,168.8206787109375
2022-01-07,168.98751831054688
2022-01-10,169.00717163085938
2022-01-11,171.84376525878906
2022-01-12,172.2854461669922
2022-01-13,169.00717163085938
2022-01-14,169.8708953857422
2022-01-18,166.66134643554688
2022-01-19,163.1573486328125
2022-01-20,161.4691162109375
2022-01-21,159.407958984375
2022-01-24,158.63255310058594
2022-01-25,156.8265380859375
2022-01-26,156.73822021484375
2022-01-27,156.27688598632812
2022-01-28,167.18154907226562
2022-01-31,171.54928588867188
2022-02-01,171.38243103027344
2022-02-02,172.58969116210938
2022-02-03,169.7040252685547
2022-02-04,169.41903686523438
2022-02-07,168.70164489746094
2022-02-08,171.81700134277344
2022-02-09,173.2420196533203
2022-02-10,169.15370178222656
2022-02-11,165.73365783691406
2022-02-14,165.9695587158203
2022-02-15,169.81214904785156
2022-02-16,169.57630920410156
2022-02-17,165.9695587158203
2022-02-18,164.41677856445312
2022-02-22,161.48812866210938
2022-02-23,157.31137084960938
2022-02-24,159.9353790283203
2022-02-25,162.0089874267578
2022-02-28,162.27435302734375
2022-03-01,160.3874053955078
2022-03-02,163.68951416015625
2022-03-03,163.36521911621094
2022-03-04,160.3579559326172
2022-03-07,156.5546417236328
2022-03-08,154.7266845703125
2022-03-09,160.14173889160156
2022-03-10,155.78810119628906
2022-03-11,152.0633544921875
2022-03-14,148.0242156982422
2022-03-15,152.4171905517578
2022-03-16,156.83961486816406
2022-03-17,157.8518829345703
2022-03-18,161.1539764404297
2022-03-21,162.52987670898438
2022-03-22,165.9105682373047
2022-03-23,167.27662658691406
2022-03-24,171.07012939453125
2022-03-25,171.70892333984375
2022-03-28,172.57373046875
2022-03-29,175.87583923339844
2022-03-30,174.7063446044922
2022-03-31,171.6007843017578
2022-04-01,171.30596923828125
2022-04-04,175.36480712890625
2022-04-05,172.0430145263672
2022-04-06,168.86868286132812
2022-04-07,169.17335510253906
2022-04-08,167.15869140625
2022-04-11,162.89349365234375
2022-04-12,164.7705535888672
2022-04-13,167.46334838867188
2022-04-14,162.44139099121094
2022-04-18,162.22523498535156
2022-04-19,164.51504516601562
2022-04-20,164.34796142578125
2022-04-21,163.5519256591797
2022-04-22,159.00172424316406
2022-04-25,160.07296752929688
2022-04-26,154.0977325439453
2022-04-27,153.87171936035156
2022-04-28,160.81985473632812
2022-04-29,154.93304443359375
2022-05-02,155.2377471923828
2022-05-03,156.73155212402344
2022-05-04,163.1588134765625
2022-05-05,154.06826782226562
2022-05-06,154.7965545654297
2022-05-09,149.65896606445312
2022-05-10,152.07029724121094
2022-05-11,144.186767578125
2022-05-12,140.30897521972656
2022-05-13,144.78717041015625
2022-05-16,143.24192810058594
2022-05-17,146.8834991455078
2022-05-18,138.59645080566406
2022-05-19,135.18124389648438
2022-05-20,135.41744995117188
2022-05-23,140.85032653808594
2022-05-24,138.14370727539062
2022-05-25,138.30123901367188
2022-05-26,141.5097198486328
2022-05-27,147.27719116210938
2022-05-31,146.4898223876953
2022-06-01,146.36190795898438
2022-06-02,148.82240295410156
2022-06-03,143.08445739746094
2022-06-06,143.83245849609375
2022-06-07,146.36190795898438
2022-06-08,145.6237335205078
2022-06-09,140.38768005371094
2022-06-10,134.96473693847656
2022-06-13,129.79762268066406
2022-06-14,130.6637420654297
2022-06-15,133.29156494140625
2022-06-16,128.00636291503906
2022-06-17,129.48269653320312
2022-06-21,133.724609375
2022-06-22,133.2128143310547
2022-06-23,136.0867156982422
2022-06-24,139.42320251464844
2022-06-27,139.42320251464844
2022-06-28,135.26980590820312
2022-06-29,137.0315704345703
2022-06-30,134.5612030029297
2022-07-01,136.7362823486328
2022-07-05,139.3247833251953
2022-07-06,140.66326904296875
2022-07-07,144.03915405273438
2022-07-08,144.71824645996094
2022-07-11,142.58248901367188
2022-07-12,143.55686950683594
2022-07-13,143.19273376464844
2022-07-14,146.12567138671875
2022-07-15,147.79884338378906
2022-07-18,144.74778747558594
2022-07-19,148.61572265625
2022-07-20,150.62347412109375
2022-07-21,152.8970184326172
2022-07-22,151.6569061279297
2022-07-25,150.53492736816406
2022-07-26,149.20626831054688
2022-07-27,154.31427001953125
2022-07-28,154.86546325683594
2022-07-29,159.94393920898438
2022-08-01,158.95977783203125
2022-08-02,157.48342895507812
2022-08-03,163.50677490234375
2022-08-04,163.19186401367188
2022-08-05,162.96519470214844
2022-08-08,162.4921112060547
2022-08-09,162.54139709472656
2022-08-10,166.79908752441406
2022-08-11,166.05987548828125
2022-08-12,169.61782836914062
2022-08-15,170.6920928955078
2022-08-16,170.53443908691406
2022-08-17,172.03250122070312
2022-08-18,171.63824462890625
2022-08-19,169.0461883544922
2022-08-22,165.15318298339844
2022-08-23,164.8180694580078
2022-08-24,165.11373901367188
2022-08-25,167.57766723632812
2022-08-26,161.2601318359375
2022-08-29,159.0524139404297
2022-08-30,156.61807250976562
2022-08-31,154.95245361328125
2022-09-01,155.6817626953125
2022-09-02,153.56280517578125
2022-09-06,152.3012237548828
2022-09-07,153.7106170654297
2022-09-08,152.23223876953125
2022-09-09,155.10025024414062
2022-09-12,161.0728759765625
2022-09-13,151.62118530273438
2022-09-14,153.06997680664062
2022-09-15,150.17237854003906
2022-09-16,148.52647399902344
2022-09-19,152.25193786621094
2022-09-20,154.63705444335938
2022-09-21,151.50291442871094
2022-09-22,150.5370635986328
2022-09-23,148.26036071777344
2022-09-26,148.59547424316406
2022-09-27,149.5712127685547
2022-09-28,147.67886352539062
2022-09-29,140.42501831054688
2022-09-30,136.20677185058594
2022-10-03,140.3954620361328
2022-10-04,143.99281311035156
2022-10-05,144.28848266601562
2022-10-06,143.3324737548828
2022-10-07,138.06948852539062
2022-10-10,138.39474487304688
2022-10-11,136.97552490234375
2022-10-12,136.34475708007812
2022-10-13,140.92767333984375
2022-10-14,136.38418579101562
2022-10-17,140.3560333251953
2022-10-18,141.67669677734375
2022-10-19,141.78514099121094
2022-10-20,141.3218994140625
2022-10-21,145.14598083496094
2022-10-24,147.2945098876953
2022-10-25,150.14283752441406
2022-10-26,147.19593811035156
2022-10-27,142.71156311035156
2022-10-28,153.49380493164062
2022-10-31,151.12840270996094
2022-11-01,148.4771728515625
2022-11-02,142.938232421875
2022-11-03,136.87693786621094
2022-11-04,136.61041259765625
2022-11-07,137.14349365234375
2022-11-08,137.71609497070312
2022-11-09,133.14529418945312
2022-11-10,144.99183654785156
2022-11-11,147.78565979003906
2022-11-14,146.3837890625
2022-11-15,148.12127685546875
2022-11-16,146.8872833251953
2022-11-17,148.79258728027344
2022-11-18,149.35528564453125
2022-11-21,146.11724853515625
2022-11-22,148.25949096679688
2022-11-23,149.1381378173828
2022-11-25,146.2159881591797
2022-11-28,142.37570190429688
2022-11-29,139.36471557617188
2022-11-30,146.1370086669922
2022-12-01,146.41342163085938
2022-12-02,145.91986083984375
2022-12-05,144.7549285888672
2022-12-06,141.0824737548828
2022-12-07,139.13768005371094
2022-12-08,140.8258056640625
2022-12-09,140.34207153320312
2022-12-12,142.64227294921875
2022-12-13,143.60975646972656
2022-12-14,141.37864685058594
2022-12-15,134.75445556640625
2022-12-16,132.78990173339844
2022-12-19,130.67724609375
2022-12-20,130.608154296875
2022-12-21,133.7178955078125
2022-12-22,130.5390625
2022-12-23,130.1737823486328
2022-12-27,128.36715698242188
2022-12-28,124.42820739746094
2022-12-29,127.95255279541016
2022-12-30,128.2684783935547
2023-01-03,123.4706039428711
2023-01-04,124.74413299560547
2023-01-05,123.4212646484375
2023-01-06,127.96240997314453
2023-01-09,128.4856414794922
2023-01-10,129.0582275390625
2023-01-11,131.78294372558594
2023-01-12,131.70394897460938
2023-01-13,133.0366973876953
2023-01-17,134.2016143798828
2023-01-18,133.48095703125
2023-01-19,133.5402069091797
2023-01-20,136.10693359375
2023-01-23,139.30548095703125
2023-01-24,140.70733642578125
2023-01-25,140.0458984375
2023-01-26,142.11907958984375
2023-01-27,144.0638427734375
2023-01-30,141.1713409423828
2023-01-31,142.44480895996094
2023-02-01,143.5702362060547
2023-02-02,148.89134216308594
2023-02-03,152.52426147460938
2023-02-06,149.78970336914062
2023-02-07,152.67233276367188
2023-02-08,149.9772491455078
2023-02-09,148.940673828125
2023-02-10,149.30650329589844
2023-02-13,152.11448669433594
2023-02-14,151.47181701660156
2023-02-15,153.57777404785156
2023-02-16,151.97605895996094
2023-02-17,150.82913208007812
2023-02-21,146.8050537109375
2023-02-22,147.23020935058594
2023-02-23,147.71466064453125
2023-02-24,145.05502319335938
2023-02-27,146.2513885498047
2023-02-28,145.74713134765625
2023-03-01,143.67080688476562
2023-03-02,144.26405334472656
2023-03-03,149.3262939453125
2023-03-06,152.09469604492188
2023-03-07,149.88987731933594
2023-03-08,151.14553833007812
2023-03-09,148.89126586914062
2023-03-10,146.82481384277344
2023-03-13,148.77261352539062
2023-03-14,150.8686981201172
2023-03-15,151.26419067382812
2023-03-16,154.0919189453125
2023-03-17,153.2515106201172
2023-03-20,155.62442016601562
2023-03-21,157.4832000732422
2023-03-22,156.0496063232422
2023-03-23,157.1371612548828
2023-03-24,158.4423065185547
2023-03-27,156.49452209472656
2023-03-28,155.87161254882812
2023-03-29,158.95640563964844
2023-03-30,160.52850341796875
2023-03-31,163.03982543945312
2023-04-03,164.29551696777344
2023-04-04,163.76161193847656
2023-04-05,161.91268920898438
2023-04-06,162.8025360107422
2023-04-10,160.20220947265625
2023-04-11,158.98606872558594
2023-04-12,158.29397583007812
2023-04-13,163.69236755371094
2023-04-14,163.34634399414062
2023-04-17,163.3660888671875
2023-04-18,164.59213256835938
2023-04-19,165.7390594482422
2023-04-20,164.7700653076172
2023-04-21,163.15847778320312
2023-04-24,163.46499633789062
2023-04-25,161.92259216308594
2023-04-26,161.91268920898438
2023-04-27,166.51025390625
2023-04-28,167.76589965820312
2023-05-01,167.6769256591797
2023-05-02,166.6387481689453
2023-05-03,165.56103515625
2023-05-04,163.91976928710938
2023-05-05,171.61203002929688
2023-05-08,171.5428009033203
2023-05-09,169.8323516845703
2023-05-10,171.60214233398438
2023-05-11,171.79000854492188
2023-05-12,170.85931396484375
2023-05-15,170.36427307128906
2023-05-16,170.36427307128906
2023-05-17,170.9781036376953
2023-05-18,173.31472778320312
2023-05-19,173.42364501953125
2023-05-22,172.47314453125
2023-05-23,169.85931396484375
2023-05-24,170.13653564453125
2023-05-25,171.27516174316406
2023-05-26,173.69094848632812
2023-05-30,175.54241943359375
2023-05-31,175.492919921875
2023-06-01,178.3047637939453
2023-06-02,179.15623474121094
2023-06-05,177.79983520507812
2023-06-06,177.43348693847656
2023-06-07,176.05726623535156
2023-06-08,178.78001403808594
2023-06-09,179.1661376953125
2023-06-12,181.96807861328125
2023-06-13,181.4928436279297
2023-06-14,182.1265106201172
2023-06-15,184.16607666015625
2023-06-16,183.08688354492188
2023-06-20,183.17599487304688
2023-06-21,182.13641357421875
2023-06-22,185.14625549316406
2023-06-23,184.82940673828125
2023-06-26,183.4334259033203
2023-06-27,186.1957550048828
2023-06-28,187.37396240234375
2023-06-29,187.71058654785156
2023-06-30,192.0471649169922
2023-07-03,190.5521697998047
2023-07-05,189.433349609375
2023-07-06,189.90859985351562
2023-07-07,188.789794921875
2023-07-10,186.7403106689453
2023-07-11,186.21556091308594
2023-07-12,187.8887939453125
2023-07-13,188.65115356445312
2023-07-14,188.79969787597656
2023-07-17,192.06695556640625
2023-07-18,191.80953979492188
2023-07-19,193.16598510742188
2023-07-20,191.21548461914062
2023-07-21,190.0373077392578
2023-07-24,190.83926391601562
2023-07-25,191.70062255859375
2023-07-26,192.5718994140625
2023-07-27,191.3046112060547
2023-07-28,193.88873291015625
2023-07-31,194.50259399414062
2023-08-01,193.67092895507812
2023-08-02,190.6709747314453
2023-08-03,189.27493286132812
2023-08-04,180.18594360351562
2023-08-07,177.07704162597656
2023-08-08,178.0176544189453
2023-08-09,176.42359924316406
2023-08-10,176.20578002929688
2023-08-11,176.26527404785156
2023-08-14,177.9209442138672
2023-08-15,175.9281768798828
2023-08-16,175.05572509765625
2023-08-17,172.50778198242188
2023-08-18,172.99359130859375
2023-08-21,174.3319854736328
2023-08-22,175.71006774902344
2023-08-23,179.56671142578125
2023-08-24,174.8673553466797
2023-08-25,177.07823181152344
2023-08-28,178.6446990966797
2023-08-29,182.54098510742188
2023-08-30,186.04071044921875
2023-08-31,186.25880432128906
2023-09-01,187.83518981933594
2023-09-05,188.07310485839844
2023-09-06,181.34136962890625
2023-09-07,176.0372314453125
2023-09-08,176.65191650390625
2023-09-11,177.82180786132812
2023-09-12,174.78805541992188
2023-09-13,172.71597290039062
2023-09-14,174.2328643798828
2023-09-15,173.5091094970703
2023-09-18,176.4437255859375
2023-09-19,177.53431701660156
2023-09-20,173.98500061035156
2023-09-21,172.43836975097656
2023-09-22,173.2909698486328
2023-09-25,174.56991577148438
2023-09-26,170.48529052734375
2023-09-27,168.9683837890625
2023-09-28,169.22613525390625
2023-09-29,169.74168395996094
2023-10-02,172.2599334716797
2023-10-03,170.92149353027344
2023-10-04,172.1707000732422
2023-10-05,173.40997314453125
2023-10-06,175.9678497314453
2023-10-09,177.4550018310547
2023-10-10,176.86012268066406
2023-10-11,178.25804138183594
2023-10-12,179.16021728515625
2023-10-13,177.31619262695312
2023-10-16,177.18731689453125
2023-10-17,175.63075256347656
2023-10-18,174.3319854736328
2023-10-19,173.9552764892578
2023-10-20,171.3973846435547
2023-10-23,171.51632690429688
2023-10-24,171.9525604248047
2023-10-25,169.63265991210938
2023-10-26,165.458740234375
2023-10-27,166.77734375
2023-10-30,168.82958984375
2023-10-31,169.3054656982422
2023-11-01,172.47802734375
2023-11-02,176.0471649169922
2023-11-03,175.13504028320312
2023-11-06,177.69293212890625
2023-11-07,180.26071166992188
2023-11-08,181.32154846191406
2023-11-09,180.84564208984375
2023-11-10,185.04489135742188
2023-11-13,183.45652770996094
2023-11-14,186.07733154296875
2023-11-15,186.64317321777344
2023-11-16,188.3308563232422
2023-11-17,188.31097412109375
2023-11-20,190.05816650390625
2023-11-21,189.2540740966797
2023-11-22,189.91920471191406
2023-11-24,188.5889434814453
2023-11-27,188.41026306152344
2023-11-28,189.01580810546875
2023-11-29,187.99330139160156
2023-11-30,188.569091796875
2023-12-01,189.84971618652344
2023-12-04,188.05288696289062
2023-12-05,192.01385498046875
2023-12-06,190.921875
2023-12-07,192.85768127441406
2023-12-08,194.2872314453125
2023-12-11,191.7755889892578
2023-12-12,193.2944793701172
2023-12-13,196.52085876464844
2023-12-14,196.66978454589844
2023-12-15,196.13369750976562
2023-12-18,194.46591186523438
2023-12-19,195.50827026367188
2023-12-20,193.41360473632812
2023-12-21,193.2646942138672
2023-12-22,192.1925506591797
2023-12-26,191.6465606689453
2023-12-27,191.74581909179688
2023-12-28,192.1726837158203
2023-12-29,191.13034057617188
2024-01-02,184.29042053222656
2024-01-03,182.9105224609375
2024-01-04,180.58753967285156
2024-01-05,179.8628387451172
2024-01-08,184.21099853515625
2024-01-09,183.7940673828125
2024-01-10,184.83642578125
2024-01-11,184.24078369140625
2024-01-12,184.56838989257812
2024-01-16,182.29502868652344
2024-01-17,181.35194396972656
2024-01-18,187.2586669921875
2024-01-19,190.16737365722656
2024-01-22,192.48045349121094
2024-01-23,193.7610626220703
2024-01-24,193.0860137939453
2024-01-25,192.75840759277344
2024-01-26,191.0211181640625
2024-01-29,190.3361358642578
2024-01-30,186.6729736328125
2024-01-31,183.05941772460938
2024-02-01,185.50155639648438
2024-02-02,184.4989013671875
2024-02-05,186.3155975341797
2024-02-06,187.92381286621094
2024-02-07,188.03298950195312
2024-02-08,186.95095825195312
2024-02-09,187.71630859375
2024-02-12,186.02650451660156
2024-02-13,183.92916870117188
2024-02-14,183.04452514648438
2024-02-15,182.7562713623047
2024-02-16,181.215576171875
2024-02-20,180.47006225585938
2024-02-21,181.22552490234375
2024-02-22,183.26319885253906
2024-02-23,181.42430114746094
2024-02-26,180.07247924804688
2024-02-27,181.53366088867188
2024-02-28,180.33091735839844
2024-02-29,179.66494750976562
2024-03-01,178.5814666748047
2024-03-04,174.04885864257812
2024-03-05,169.09872436523438
2024-03-06,168.10475158691406
2024-03-07,167.9854736328125
2024-03-08,169.70509338378906
2024-03-11,171.71295166015625
2024-03-12,172.19007873535156
2024-03-13,170.10269165039062
2024-03-14,171.96145629882812
2024-03-15,171.58372497558594
2024-03-18,172.67713928222656
2024-03-19,175.02297973632812
2024-03-20,177.597412109375
2024-03-21,170.3412628173828
2024-03-22,171.24578857421875
2024-03-25,169.82437133789062
2024-03-26,168.69122314453125
2024-03-27,172.26959228515625
2024-03-28,170.45057678222656
2024-04-01,169.00929260253906
2024-04-02,167.82643127441406
2024-04-03,168.63156127929688
2024-04-04,167.80654907226562
2024-04-05,168.56198120117188
2024-04-08,167.4387664794922
2024-04-09,168.65145874023438
2024-04-10,166.77279663085938
2024-04-11,173.9892120361328
2024-04-12,175.4901580810547
2024-04-15,171.6533203125
2024-04-16,168.36318969726562
2024-04-17,166.99147033691406
2024-04-18,166.0372314453125
2024-04-19,164.0094757080078
2024-04-22,164.8444366455078
2024-04-23,165.8980712890625
2024-04-24,168.00535583496094
2024-04-25,168.87014770507812
2024-04-26,168.28366088867188
2024-04-29,172.4584503173828
2024-04-30,169.30747985839844
2024-05-01,168.28366088867188
2024-05-02,171.99127197265625
2024-05-03,182.27915954589844
2024-05-06,180.61917114257812
2024-05-07,181.30502319335938
2024-05-08,181.64300537109375
2024-05-09,183.46202087402344
2024-05-10,182.1979217529297
2024-05-13,185.4128875732422
2024-05-14,186.55751037597656
2024-05-15,188.83688354492188
2024-05-16,188.95631408691406
2024-05-17,188.9861602783203
2024-05-20,190.15072631835938
2024-05-21,191.4546356201172
2024-05-22,190.01136779785156
2024-05-23,186.0100860595703
2024-05-24,189.0956573486328
2024-05-28,189.10562133789062
2024-05-29,189.4042205810547
2024-05-30,190.39956665039062
2024-05-31,191.3551025390625
2024-06-03,193.12681579589844
2024-06-04,193.44532775878906
2024-06-05,194.95823669433594
2024-06-06,193.57470703125
2024-06-07,195.97349548339844
2024-06-10,192.22103881835938
2024-06-11,206.18572998046875
2024-06-12,212.0782012939453
2024-06-13,213.24273681640625
2024-06-14,211.50086975097656
2024-06-17,215.6614227294922
2024-06-18,213.29248046875
2024-06-20,208.70396423339844
2024-06-21,206.52415466308594
2024-06-24,207.17112731933594
2024-06-25,208.0968017578125
2024-06-26,212.25733947753906
2024-06-27,213.1033935546875
2024-06-28,209.6395721435547
2024-07-01,215.7410430908203
2024-07-02,219.24465942382812
2024-07-03,220.51870727539062
2024-07-05,225.2864227294922
2024-07-08,226.75953674316406
2024-07-09,227.61550903320312
2024-07-10,231.8955078125
2024-07-11,226.5106964111328
2024-07-12,229.4668426513672
2024-07-15,233.3088836669922
2024-07-16,233.72695922851562
2024-07-17,227.81460571289062
2024-07-18,223.13645935058594
2024-07-19,223.26585388183594
2024-07-22,222.91751098632812
2024-07-23,223.96258544921875
2024-07-24,217.522705078125
2024-07-25,216.4776153564453
2024-07-26,216.94541931152344
2024-07-29,217.22412109375
2024-07-30,217.78152465820312
2024-07-31,221.04623413085938
2024-08-01,217.34356689453125
2024-08-02,218.83657836914062
2024-08-05,208.29586791992188
2024-08-06,206.26535034179688
2024-08-07,208.84332275390625
2024-08-08,212.3170623779297
2024-08-09,215.23342895507812
2024-08-12,216.76803588867188
2024-08-13,220.49493408203125
2024-08-14,220.943359375
2024-08-15,223.93284606933594
2024-08-16,225.25819396972656
2024-08-19,225.09873962402344
2024-08-20,225.71656799316406
2024-08-21,225.60696411132812
2024-08-22,223.74351501464844
2024-08-23,226.04542541503906
2024-08-26,226.3842315673828
2024-08-27,227.23126220703125
2024-08-28,225.6966552734375
2024-08-29,228.98507690429688
2024-08-30,228.19784545898438
2024-09-03,221.9896697998047
2024-09-04,220.07640075683594
2024-09-05,221.60104370117188
2024-09-06,220.0465087890625
2024-09-09,220.13619995117188
2024-09-10,219.3389892578125
2024-09-11,221.88006591796875
2024-09-12,221.9896697998047
2024-09-13,221.7206268310547
2024-09-16,215.56228637695312
2024-09-17,216.03060913085938
2024-09-18,219.91697692871094
2024-09-19,228.0683135986328
2024-09-20,227.40065002441406
2024-09-23,225.67672729492188
2024-09-24,226.57354736328125
2024-09-25,225.57705688476562
2024-09-26,226.72303771972656
2024-09-27,226.99208068847656
2024-09-30,232.18385314941406
2024-10-01,225.41763305664062
2024-10-02,225.98562622070312
2024-10-03,224.8795166015625
2024-10-04,226.00555419921875
2024-10-07,220.91346740722656
2024-10-08,224.97918701171875
2024-10-09,228.73594665527344
2024-10-10,228.23770141601562
2024-10-11,226.75294494628906
2024-10-14,230.48980712890625
2024-10-15,233.03086853027344
2024-10-16,230.96810913085938
2024-10-17,231.33682250976562
2024-10-18,234.1768341064453
2024-10-21,235.65164184570312
2024-10-22,235.03382873535156
2024-10-23,229.95169067382812
2024-10-24,229.76235961914062
2024-10-25,230.59942626953125
2024-10-28,232.5824432373047
2024-10-29,232.85150146484375
2024-10-30,229.29400634765625
2024-10-31,225.11868286132812
2024-11-01,222.12918090820312
2024-11-04,221.23233032226562
2024-11-05,222.66729736328125
2024-11-06,221.93984985351562
2024-11-07,226.6831817626953
2024-11-08,226.41383361816406
2024-11-11,223.69039916992188
2024-11-12,223.69039916992188
2024-11-13,224.5782470703125
2024-11-14,227.67079162597656
2024-11-15,224.4585418701172
2024-11-18,227.4712677001953
2024-11-19,227.73065185546875
2024-11-20,228.44891357421875
2024-11-21,227.97007751464844
2024-11-22,229.3168182373047
2024-11-25,232.30960083007812
2024-11-26,234.49432373046875
2024-11-27,234.36463928222656
2024-11-29,236.7588653564453
2024-12-02,239.013427734375
2024-12-03,242.06607055664062
2024-12-04,242.42520141601562
2024-12-05,242.4551239013672
2024-12-06,242.25559997558594
2024-12-09,246.1562042236328
2024-12-10,247.1737518310547
2024-12-11,245.89683532714844
2024-12-12,247.36329650878906
2024-12-13,247.5328826904297
2024-12-16,250.43588256835938
2024-12-17,252.8699951171875
2024-12-18,247.4530792236328
2024-12-19,249.1888885498047
2024-12-20,253.87759399414062
2024-12-23,254.6557159423828
2024-12-24,257.57867431640625
2024-12-26,258.39666748046875
2024-12-27,254.9749298095703
2024-12-30,251.59307861328125
2024-12-31,249.81736755371094
