Date,Close,Ticker
2015-01-02,24.2885799407959,AAPL
2015-01-05,23.604333877563477,AAPL
2015-01-06,23.60655403137207,AAPL
2015-01-07,23.93756675720215,AAPL
2015-01-08,24.85730743408203,AAPL
2015-01-09,24.883968353271484,AAPL
2015-01-12,24.270809173583984,AAPL
2015-01-13,24.486305236816406,AAPL
2015-01-14,24.39299964904785,AAPL
2015-01-15,23.730958938598633,AAPL
2015-01-16,23.546571731567383,AAPL
2015-01-20,24.153060913085938,AAPL
2015-01-21,24.33746337890625,AAPL
2015-01-22,24.970611572265625,AAPL
2015-01-23,25.099458694458008,AAPL
2015-01-26,25.126113891601562,AAPL
2015-01-27,24.246370315551758,AAPL
2015-01-28,25.61708641052246,AAPL
2015-01-29,26.414634704589844,AAPL
2015-01-30,26.02808380126953,AAPL
2015-02-02,26.354650497436523,AAPL
2015-02-03,26.359094619750977,AAPL
2015-02-04,26.561260223388672,AAPL
2015-02-05,26.75084686279297,AAPL
2015-02-06,26.52558135986328,AAPL
2015-02-09,26.701772689819336,AAPL
2015-02-10,27.21474838256836,AAPL
2015-02-11,27.852636337280273,AAPL
2015-02-12,28.205028533935547,AAPL
2015-02-13,28.343313217163086,AAPL
2015-02-17,28.510589599609375,AAPL
2015-02-18,28.709089279174805,AAPL
2015-02-19,28.64887237548828,AAPL
2015-02-20,28.883052825927734,AAPL
2015-02-23,29.66368293762207,AAPL
2015-02-24,29.47857093811035,AAPL
2015-02-25,28.724699020385742,AAPL
2015-02-26,29.08824920654297,AAPL
2015-02-27,28.651107788085938,AAPL
2015-03-02,28.7916202545166,AAPL
2015-03-03,28.851835250854492,AAPL
2015-03-04,28.6689395904541,AAPL
2015-03-05,28.19388771057129,AAPL
2015-03-06,28.236251831054688,AAPL
2015-03-09,28.3566951751709,AAPL
2015-03-10,27.77010726928711,AAPL
2015-03-11,27.263824462890625,AAPL
2015-03-12,27.75672721862793,AAPL
2015-03-13,27.56492042541504,AAPL
2015-03-16,27.86824607849121,AAPL
2015-03-17,28.334394454956055,AAPL
2015-03-18,28.6533260345459,AAPL
2015-03-19,28.436988830566406,AAPL
2015-03-20,28.080129623413086,AAPL
2015-03-23,28.372310638427734,AAPL
2015-03-24,28.256328582763672,AAPL
2015-03-25,27.518089294433594,AAPL
2015-03-26,27.70989227294922,AAPL
2015-03-27,27.489097595214844,AAPL
2015-03-30,28.184955596923828,AAPL
2015-03-31,27.752269744873047,AAPL
2015-04-01,27.712125778198242,AAPL
2015-04-02,27.950773239135742,AAPL
2015-04-06,28.403533935546875,AAPL
2015-04-07,28.104673385620117,AAPL
2015-04-08,28.013221740722656,AAPL
2015-04-09,28.227331161499023,AAPL
2015-04-10,28.3477725982666,AAPL
2015-04-13,28.292020797729492,AAPL
2015-04-14,28.169340133666992,AAPL
2015-04-15,28.276403427124023,AAPL
2015-04-16,28.140352249145508,AAPL
2015-04-17,27.823638916015625,AAPL
2015-04-20,28.459293365478516,AAPL
2015-04-21,28.30539894104004,AAPL
2015-04-22,28.686790466308594,AAPL
2015-04-23,28.920976638793945,AAPL
2015-04-24,29.05702781677246,AAPL
2015-04-27,29.585620880126953,AAPL
2015-04-28,29.119470596313477,AAPL
2015-04-29,28.691253662109375,AAPL
2015-04-30,27.91285514831543,AAPL
2015-05-01,28.760395050048828,AAPL
2015-05-04,28.70462989807129,AAPL
2015-05-05,28.057828903198242,AAPL
2015-05-06,27.881629943847656,AAPL
2015-05-07,28.05408477783203,AAPL
2015-05-08,28.582645416259766,AAPL
2015-05-11,28.291492462158203,AAPL
2015-05-12,28.19070053100586,AAPL
2015-05-13,28.222068786621094,AAPL
2015-05-14,28.88052749633789,AAPL
2015-05-15,28.8402156829834,AAPL
2015-05-18,29.158245086669922,AAPL
2015-05-19,29.131364822387695,AAPL
2015-05-20,29.129121780395508,AAPL
2015-05-21,29.427001953125,AAPL
2015-05-22,29.68454933166504,AAPL
2015-05-26,29.03057861328125,AAPL
2015-05-27,29.572574615478516,AAPL
2015-05-28,29.514347076416016,AAPL
2015-05-29,29.178403854370117,AAPL
2015-06-01,29.236629486083984,AAPL
2015-06-02,29.106721878051758,AAPL
2015-06-03,29.142559051513672,AAPL
2015-06-04,28.972352981567383,AAPL
2015-06-05,28.813331604003906,AAPL
2015-06-08,28.622961044311523,AAPL
2015-06-09,28.53785514831543,AAPL
2015-06-10,28.864837646484375,AAPL
2015-06-11,28.79989242553711,AAPL
2015-06-12,28.48186492919922,AAPL
2015-06-15,28.425870895385742,AAPL
2015-06-16,28.578168869018555,AAPL
2015-06-17,28.510986328125,AAPL
2015-06-18,28.640880584716797,AAPL
2015-06-19,28.35419464111328,AAPL
2015-06-22,28.580402374267578,AAPL
2015-06-23,28.45050621032715,AAPL
2015-06-24,28.692392349243164,AAPL
2015-06-25,28.55577278137207,AAPL
2015-06-26,28.387792587280273,AAPL
2015-06-29,27.890586853027344,AAPL
2015-06-30,28.092159271240234,AAPL
2015-07-01,28.35419464111328,AAPL
2015-07-02,28.3183650970459,AAPL
2015-07-06,28.21982192993164,AAPL
2015-07-07,28.150392532348633,AAPL
2015-07-08,27.451614379882812,AAPL
2015-07-09,26.891698837280273,AAPL
2015-07-10,27.610628128051758,AAPL
2015-07-13,28.14366912841797,AAPL
2015-07-14,28.132474899291992,AAPL
2015-07-15,28.403478622436523,AAPL
2015-07-16,28.7819766998291,AAPL
2015-07-17,29.03057861328125,AAPL
2015-07-20,29.57930564880371,AAPL
2015-07-21,29.28366470336914,AAPL
2015-07-22,28.04512596130371,AAPL
2015-07-23,28.03168487548828,AAPL
2015-07-24,27.883865356445312,AAPL
2015-07-27,27.49640464782715,AAPL
2015-07-28,27.633031845092773,AAPL
2015-07-29,27.54568099975586,AAPL
2015-07-30,27.406814575195312,AAPL
2015-07-31,27.167177200317383,AAPL
2015-08-03,26.526634216308594,AAPL
2015-08-04,25.675559997558594,AAPL
2015-08-05,25.845773696899414,AAPL
2015-08-06,25.902015686035156,AAPL
2015-08-07,25.989761352539062,AAPL
2015-08-10,26.934677124023438,AAPL
2015-08-11,25.53304672241211,AAPL
2015-08-12,25.926769256591797,AAPL
2015-08-13,25.906517028808594,AAPL
2015-08-14,26.0887508392334,AAPL
2015-08-17,26.358732223510742,AAPL
2015-08-18,26.21023941040039,AAPL
2015-08-19,25.875022888183594,AAPL
2015-08-20,25.344070434570312,AAPL
2015-08-21,23.7939453125,AAPL
2015-08-24,23.20000457763672,AAPL
2015-08-25,23.33949089050293,AAPL
2015-08-26,24.678125381469727,AAPL
2015-08-27,25.404808044433594,AAPL
2015-08-28,25.488052368164062,AAPL
2015-08-31,25.368816375732422,AAPL
2015-09-01,24.23491096496582,AAPL
2015-09-02,25.274316787719727,AAPL
2015-09-03,24.83111000061035,AAPL
2015-09-04,24.58363151550293,AAPL
2015-09-08,25.26757049560547,AAPL
2015-09-09,24.7816162109375,AAPL
2015-09-10,25.326066970825195,AAPL
2015-09-11,25.695035934448242,AAPL
2015-09-14,25.9425106048584,AAPL
2015-09-15,26.160741806030273,AAPL
2015-09-16,26.189998626708984,AAPL
2015-09-17,25.629793167114258,AAPL
2015-09-18,25.524049758911133,AAPL
2015-09-21,25.92001724243164,AAPL
2015-09-22,25.512800216674805,AAPL
2015-09-23,25.719789505004883,AAPL
2015-09-24,25.872772216796875,AAPL
2015-09-25,25.807523727416992,AAPL
2015-09-28,25.296817779541016,AAPL
2015-09-29,24.536386489868164,AAPL
2015-09-30,24.815364837646484,AAPL
2015-10-01,24.653369903564453,AAPL
2015-10-02,24.833356857299805,AAPL
2015-10-05,24.923349380493164,AAPL
2015-10-06,25.042591094970703,AAPL
2015-10-07,24.923349380493164,AAPL
2015-10-08,24.6353759765625,AAPL
2015-10-09,25.224828720092773,AAPL
2015-10-12,25.107837677001953,AAPL
2015-10-13,25.15058135986328,AAPL
2015-10-14,24.79511260986328,AAPL
2015-10-15,25.166322708129883,AAPL
2015-10-16,24.98184585571289,AAPL
2015-10-19,25.137081146240234,AAPL
2015-10-20,25.596038818359375,AAPL
2015-10-21,25.59379768371582,AAPL
2015-10-22,25.985258102416992,AAPL
2015-10-23,26.790687561035156,AAPL
2015-10-26,25.93576431274414,AAPL
2015-10-27,25.77153205871582,AAPL
2015-10-28,26.833436965942383,AAPL
2015-10-29,27.11690902709961,AAPL
2015-10-30,26.885183334350586,AAPL
2015-11-02,27.26314926147461,AAPL
2015-11-03,27.57587432861328,AAPL
2015-11-04,27.4476318359375,AAPL
2015-11-05,27.321107864379883,AAPL
2015-11-06,27.352739334106445,AAPL
2015-11-09,27.242021560668945,AAPL
2015-11-10,26.383432388305664,AAPL
2015-11-11,26.23431968688965,AAPL
2015-11-12,26.14620018005371,AAPL
2015-11-13,25.38251304626465,AAPL
2015-11-16,25.798248291015625,AAPL
2015-11-17,25.687530517578125,AAPL
2015-11-18,26.500934600830078,AAPL
2015-11-19,26.837581634521484,AAPL
2015-11-20,26.955080032348633,AAPL
2015-11-23,26.60486602783203,AAPL
2015-11-24,26.860179901123047,AAPL
2015-11-25,26.66813087463379,AAPL
2015-11-27,26.618423461914062,AAPL
2015-11-30,26.729135513305664,AAPL
2015-12-01,26.512231826782227,AAPL
2015-12-02,26.27272605895996,AAPL
2015-12-03,26.028703689575195,AAPL
2015-12-04,26.89406967163086,AAPL
2015-12-07,26.724611282348633,AAPL
2015-12-08,26.71331787109375,AAPL
2015-12-09,26.12360954284668,AAPL
2015-12-10,26.247875213623047,AAPL
2015-12-11,25.57229995727539,AAPL
2015-12-14,25.414140701293945,AAPL
2015-12-15,24.964509963989258,AAPL
2015-12-16,25.156564712524414,AAPL
2015-12-17,24.623334884643555,AAPL
2015-12-18,23.956804275512695,AAPL
2015-12-21,24.250532150268555,AAPL
2015-12-22,24.227930068969727,AAPL
2015-12-23,24.53973960876465,AAPL
2015-12-24,24.40869140625,AAPL
2015-12-28,24.13529396057129,AAPL
2015-12-29,24.56911277770996,AAPL
2015-12-30,24.24827003479004,AAPL
2015-12-31,23.782827377319336,AAPL
2016-01-04,23.803163528442383,AAPL
2016-01-05,23.206674575805664,AAPL
2016-01-06,22.75252914428711,AAPL
2016-01-07,21.792259216308594,AAPL
2016-01-08,21.907495498657227,AAPL
2016-01-11,22.262224197387695,AAPL
2016-01-12,22.5853271484375,AAPL
2016-01-13,22.00464630126953,AAPL
2016-01-14,22.485910415649414,AAPL
2016-01-15,21.945911407470703,AAPL
2016-01-19,21.839710235595703,AAPL
2016-01-20,21.86908531188965,AAPL
2016-01-21,21.758371353149414,AAPL
2016-01-22,22.91520881652832,AAPL
2016-01-25,22.467836380004883,AAPL
2016-01-26,22.592105865478516,AAPL
2016-01-27,21.10765266418457,AAPL
2016-01-28,21.259035110473633,AAPL
2016-01-29,21.993350982666016,AAPL
2016-02-01,21.787742614746094,AAPL
2016-02-02,21.347152709960938,AAPL
2016-02-03,21.769672393798828,AAPL
2016-02-04,21.944591522216797,AAPL
2016-02-05,21.35849380493164,AAPL
2016-02-08,21.583389282226562,AAPL
2016-02-09,21.57884407043457,AAPL
2016-02-10,21.415279388427734,AAPL
2016-02-11,21.28579330444336,AAPL
2016-02-12,21.351680755615234,AAPL
2016-02-16,21.953676223754883,AAPL
2016-02-17,22.289888381958008,AAPL
2016-02-18,21.867353439331055,AAPL
2016-02-19,21.817380905151367,AAPL
2016-02-22,22.00819969177246,AAPL
2016-02-23,21.51069450378418,AAPL
2016-02-24,21.83100700378418,AAPL
2016-02-25,21.98093605041504,AAPL
2016-02-26,22.015012741088867,AAPL
2016-02-29,21.96504020690918,AAPL
2016-03-01,22.83736801147461,AAPL
2016-03-02,22.887351989746094,AAPL
2016-03-03,23.057720184326172,AAPL
2016-03-04,23.400745391845703,AAPL
2016-03-07,23.141773223876953,AAPL
2016-03-08,22.95094871520996,AAPL
2016-03-09,22.971399307250977,AAPL
2016-03-10,22.982755661010742,AAPL
2016-03-11,23.230371475219727,AAPL
2016-03-14,23.2894344329834,AAPL
2016-03-15,23.757404327392578,AAPL
2016-03-16,24.073169708251953,AAPL
2016-03-17,24.03455352783203,AAPL
2016-03-18,24.06180763244629,AAPL
2016-03-21,24.059539794921875,AAPL
2016-03-22,24.243547439575195,AAPL
2016-03-23,24.109516143798828,AAPL
2016-03-24,24.005022048950195,AAPL
2016-03-28,23.895977020263672,AAPL
2016-03-29,24.461626052856445,AAPL
2016-03-30,24.888713836669922,AAPL
2016-03-31,24.759218215942383,AAPL
2016-04-01,24.986387252807617,AAPL
2016-04-04,25.243101119995117,AAPL
2016-04-05,24.945499420166016,AAPL
2016-04-06,25.206743240356445,AAPL
2016-04-07,24.65699577331543,AAPL
2016-04-08,24.68425750732422,AAPL
2016-04-11,24.766042709350586,AAPL
2016-04-12,25.088619232177734,AAPL
2016-04-13,25.45209312438965,AAPL
2016-04-14,25.465715408325195,AAPL
2016-04-15,24.95458984375,AAPL
2016-04-18,24.41619110107422,AAPL
2016-04-19,24.286706924438477,AAPL
2016-04-20,24.33669090270996,AAPL
2016-04-21,24.073169708251953,AAPL
2016-04-22,24.007287979125977,AAPL
2016-04-25,23.870986938476562,AAPL
2016-04-26,23.705154418945312,AAPL
2016-04-27,22.221738815307617,AAPL
2016-04-28,21.54250144958496,AAPL
2016-04-29,21.29488182067871,AAPL
2016-05-02,21.272165298461914,AAPL
2016-05-03,21.622013092041016,AAPL
2016-05-04,21.397106170654297,AAPL
2016-05-05,21.31026268005371,AAPL
2016-05-06,21.191417694091797,AAPL
2016-05-09,21.207412719726562,AAPL
2016-05-10,21.351396560668945,AAPL
2016-05-11,21.143413543701172,AAPL
2016-05-12,20.647457122802734,AAPL
2016-05-13,20.688594818115234,AAPL
2016-05-16,21.45653533935547,AAPL
2016-05-17,21.36739730834961,AAPL
2016-05-18,21.611948013305664,AAPL
2016-05-19,21.5296688079834,AAPL
2016-05-20,21.762798309326172,AAPL
2016-05-23,22.039342880249023,AAPL
2016-05-24,22.375320434570312,AAPL
2016-05-25,22.7684268951416,AAPL
2016-05-26,22.94898796081543,AAPL
2016-05-27,22.935272216796875,AAPL
2016-05-31,22.823280334472656,AAPL
2016-06-01,22.5033016204834,AAPL
2016-06-02,22.33417320251465,AAPL
2016-06-03,22.379886627197266,AAPL
2016-06-06,22.54216194152832,AAPL
2016-06-07,22.633583068847656,AAPL
2016-06-08,22.61301040649414,AAPL
2016-06-09,22.77528953552246,AAPL
2016-06-10,22.58787727355957,AAPL
2016-06-13,22.247323989868164,AAPL
2016-06-14,22.27475357055664,AAPL
2016-06-15,22.201614379882812,AAPL
2016-06-16,22.295326232910156,AAPL
2016-06-17,21.787939071655273,AAPL
2016-06-20,21.735370635986328,AAPL
2016-06-21,21.920495986938477,AAPL
2016-06-22,21.83822250366211,AAPL
2016-06-23,21.96392250061035,AAPL
2016-06-24,21.34682846069336,AAPL
2016-06-27,21.035999298095703,AAPL
2016-06-28,21.3902530670166,AAPL
2016-06-29,21.575382232666016,AAPL
2016-06-30,21.849645614624023,AAPL
2016-07-01,21.915918350219727,AAPL
2016-07-05,21.710227966308594,AAPL
2016-07-06,21.833646774291992,AAPL
2016-07-07,21.927350997924805,AAPL
2016-07-08,22.096485137939453,AAPL
2016-07-11,22.165048599243164,AAPL
2016-07-12,22.265605926513672,AAPL
2016-07-13,22.139909744262695,AAPL
2016-07-14,22.57872772216797,AAPL
2016-07-15,22.576440811157227,AAPL
2016-07-18,22.81641960144043,AAPL
2016-07-19,22.82556915283203,AAPL
2016-07-20,22.84613609313965,AAPL
2016-07-21,22.725004196166992,AAPL
2016-07-22,22.54901885986328,AAPL
2016-07-25,22.247323989868164,AAPL
2016-07-26,22.09419059753418,AAPL
2016-07-27,23.529502868652344,AAPL
2016-07-28,23.847198486328125,AAPL
2016-07-29,23.817481994628906,AAPL
2016-08-01,24.238018035888672,AAPL
2016-08-02,23.879192352294922,AAPL
2016-08-03,24.178604125976562,AAPL
2016-08-04,24.327964782714844,AAPL
2016-08-05,24.697925567626953,AAPL
2016-08-08,24.90243911743164,AAPL
2016-08-09,25.003541946411133,AAPL
2016-08-10,24.817413330078125,AAPL
2016-08-11,24.80132484436035,AAPL
2016-08-12,24.858779907226562,AAPL
2016-08-15,25.157503128051758,AAPL
2016-08-16,25.134523391723633,AAPL
2016-08-17,25.097768783569336,AAPL
2016-08-18,25.065595626831055,AAPL
2016-08-19,25.12993621826172,AAPL
2016-08-22,24.93461036682129,AAPL
2016-08-23,25.012737274169922,AAPL
2016-08-24,24.824312210083008,AAPL
2016-08-25,24.718603134155273,AAPL
2016-08-26,24.573835372924805,AAPL
2016-08-29,24.5462589263916,AAPL
2016-08-30,24.357830047607422,AAPL
2016-08-31,24.38081169128418,AAPL
2016-09-01,24.525585174560547,AAPL
2016-09-02,24.755373001098633,AAPL
2016-09-06,24.748477935791016,AAPL
2016-09-07,24.900146484375,AAPL
2016-09-08,24.24753189086914,AAPL
2016-09-09,23.698333740234375,AAPL
2016-09-12,24.229150772094727,AAPL
2016-09-13,24.805923461914062,AAPL
2016-09-14,25.683727264404297,AAPL
2016-09-15,26.556930541992188,AAPL
2016-09-16,26.40756607055664,AAPL
2016-09-19,26.099647521972656,AAPL
2016-09-20,26.09735107421875,AAPL
2016-09-21,26.092750549316406,AAPL
2016-09-22,26.338634490966797,AAPL
2016-09-23,25.899730682373047,AAPL
2016-09-26,25.938796997070312,AAPL
2016-09-27,25.98705291748047,AAPL
2016-09-28,26.184667587280273,AAPL
2016-09-29,25.777942657470703,AAPL
2016-09-30,25.97786521911621,AAPL
2016-10-03,25.85607147216797,AAPL
2016-10-04,25.96636962890625,AAPL
2016-10-05,25.97786521911621,AAPL
2016-10-06,26.170888900756836,AAPL
2016-10-07,26.20994758605957,AAPL
2016-10-10,26.667236328125,AAPL
2016-10-11,26.724685668945312,AAPL
2016-10-12,26.96366310119629,AAPL
2016-10-13,26.880943298339844,AAPL
2016-10-14,27.030303955078125,AAPL
2016-10-17,27.011920928955078,AAPL
2016-10-18,26.993541717529297,AAPL
2016-10-19,26.91311264038086,AAPL
2016-10-20,26.899320602416992,AAPL
2016-10-21,26.793611526489258,AAPL
2016-10-24,27.034896850585938,AAPL
2016-10-25,27.172771453857422,AAPL
2016-10-26,26.561532974243164,AAPL
2016-10-27,26.306461334228516,AAPL
2016-10-28,26.13182258605957,AAPL
2016-10-31,26.09046173095703,AAPL
2016-11-01,25.619388580322266,AAPL
2016-11-02,25.642362594604492,AAPL
2016-11-03,25.36751365661621,AAPL
2016-11-04,25.138851165771484,AAPL
2016-11-07,25.501476287841797,AAPL
2016-11-08,25.651607513427734,AAPL
2016-11-09,25.61002540588379,AAPL
2016-11-10,24.896331787109375,AAPL
2016-11-11,25.044153213500977,AAPL
2016-11-14,24.415908813476562,AAPL
2016-11-15,24.739276885986328,AAPL
2016-11-16,25.404460906982422,AAPL
2016-11-17,25.395225524902344,AAPL
2016-11-18,25.42063331604004,AAPL
2016-11-21,25.806358337402344,AAPL
2016-11-22,25.82252311706543,AAPL
2016-11-23,25.690872192382812,AAPL
2016-11-25,25.820213317871094,AAPL
2016-11-28,25.76939582824707,AAPL
2016-11-29,25.74399185180664,AAPL
2016-11-30,25.526884078979492,AAPL
2016-12-01,25.28898048400879,AAPL
2016-12-02,25.383678436279297,AAPL
2016-12-05,25.201210021972656,AAPL
2016-12-06,25.395225524902344,AAPL
2016-12-07,25.644678115844727,AAPL
2016-12-08,25.896432876586914,AAPL
2016-12-09,26.319110870361328,AAPL
2016-12-12,26.16897964477539,AAPL
2016-12-13,26.605514526367188,AAPL
2016-12-14,26.605514526367188,AAPL
2016-12-15,26.751026153564453,AAPL
2016-12-16,26.78567123413086,AAPL
2016-12-19,26.9404239654541,AAPL
2016-12-20,27.01202392578125,AAPL
2016-12-21,27.037429809570312,AAPL
2016-12-22,26.85958480834961,AAPL
2016-12-23,26.912710189819336,AAPL
2016-12-27,27.083621978759766,AAPL
2016-12-28,26.968135833740234,AAPL
2016-12-29,26.961206436157227,AAPL
2016-12-30,26.751026153564453,AAPL
2017-01-03,26.82724380493164,AAPL
2017-01-04,26.797224044799805,AAPL
2017-01-05,26.933496475219727,AAPL
2017-01-06,27.233755111694336,AAPL
2017-01-09,27.483203887939453,AAPL
2017-01-10,27.51091766357422,AAPL
2017-01-11,27.658742904663086,AAPL
2017-01-12,27.54325294494629,AAPL
2017-01-13,27.4947566986084,AAPL
2017-01-17,27.716480255126953,AAPL
2017-01-18,27.714168548583984,AAPL
2017-01-19,27.66567039489746,AAPL
2017-01-20,27.716480255126953,AAPL
2017-01-23,27.734960556030273,AAPL
2017-01-24,27.70955467224121,AAPL
2017-01-25,28.150705337524414,AAPL
2017-01-26,28.164567947387695,AAPL
2017-01-27,28.1668758392334,AAPL
2017-01-30,28.09296989440918,AAPL
2017-01-31,28.02829360961914,AAPL
2017-02-01,29.737485885620117,AAPL
2017-02-02,29.68665885925293,AAPL
2017-02-03,29.81369400024414,AAPL
2017-02-06,30.09316635131836,AAPL
2017-02-07,30.37958335876465,AAPL
2017-02-08,30.497364044189453,AAPL
2017-02-09,30.717744827270508,AAPL
2017-02-10,30.64815330505371,AAPL
2017-02-13,30.919565200805664,AAPL
2017-02-14,31.320871353149414,AAPL
2017-02-15,31.434528350830078,AAPL
2017-02-16,31.397422790527344,AAPL
2017-02-17,31.483253479003906,AAPL
2017-02-21,31.71059226989746,AAPL
2017-02-22,31.805688858032227,AAPL
2017-02-23,31.671144485473633,AAPL
2017-02-24,31.70130157470703,AAPL
2017-02-27,31.76393699645996,AAPL
2017-02-28,31.777856826782227,AAPL
2017-03-01,32.427371978759766,AAPL
2017-03-02,32.234840393066406,AAPL
2017-03-03,32.425052642822266,AAPL
2017-03-06,32.32299041748047,AAPL
2017-03-07,32.3647346496582,AAPL
2017-03-08,32.244110107421875,AAPL
2017-03-09,32.169883728027344,AAPL
2017-03-10,32.276588439941406,AAPL
2017-03-13,32.290504455566406,AAPL
2017-03-14,32.241798400878906,AAPL
2017-03-15,32.58280563354492,AAPL
2017-03-16,32.63615036010742,AAPL
2017-03-17,32.47377014160156,AAPL
2017-03-20,32.81477355957031,AAPL
2017-03-21,32.43898010253906,AAPL
2017-03-22,32.80549240112305,AAPL
2017-03-23,32.68950271606445,AAPL
2017-03-24,32.62455749511719,AAPL
2017-03-27,32.68022155761719,AAPL
2017-03-28,33.357582092285156,AAPL
2017-03-29,33.431800842285156,AAPL
2017-03-30,33.38774108886719,AAPL
2017-03-31,33.32511520385742,AAPL
2017-04-03,33.334381103515625,AAPL
2017-04-04,33.58259582519531,AAPL
2017-04-05,33.40861511230469,AAPL
2017-04-06,33.32511520385742,AAPL
2017-04-07,33.250877380371094,AAPL
2017-04-10,33.211448669433594,AAPL
2017-04-11,32.854217529296875,AAPL
2017-04-12,32.89364242553711,AAPL
2017-04-13,32.71967315673828,AAPL
2017-04-17,32.90060043334961,AAPL
2017-04-18,32.75446319580078,AAPL
2017-04-19,32.63383102416992,AAPL
2017-04-20,33.04209899902344,AAPL
2017-04-21,33.00267791748047,AAPL
2017-04-24,33.32047653198242,AAPL
2017-04-25,33.526920318603516,AAPL
2017-04-26,33.329742431640625,AAPL
2017-04-27,33.35525131225586,AAPL
2017-04-28,33.32279586791992,AAPL
2017-05-01,34.002471923828125,AAPL
2017-05-02,34.21820068359375,AAPL
2017-05-03,34.11381530761719,AAPL
2017-05-04,33.99087142944336,AAPL
2017-05-05,34.55455780029297,AAPL
2017-05-08,35.494049072265625,AAPL
2017-05-09,35.721378326416016,AAPL
2017-05-10,35.55205154418945,AAPL
2017-05-11,35.85950469970703,AAPL
2017-05-12,36.360321044921875,AAPL
2017-05-15,36.26713562011719,AAPL
2017-05-16,36.21356201171875,AAPL
2017-05-17,34.99767303466797,AAPL
2017-05-18,35.531070709228516,AAPL
2017-05-19,35.652198791503906,AAPL
2017-05-22,35.86882019042969,AAPL
2017-05-23,35.8245735168457,AAPL
2017-05-24,35.71742248535156,AAPL
2017-05-25,35.840877532958984,AAPL
2017-05-26,35.78030776977539,AAPL
2017-05-30,35.79429244995117,AAPL
2017-05-31,35.58232879638672,AAPL
2017-06-01,35.68014144897461,AAPL
2017-06-02,36.20890426635742,AAPL
2017-06-05,35.85484313964844,AAPL
2017-06-06,35.975982666015625,AAPL
2017-06-07,36.19025802612305,AAPL
2017-06-08,36.10175704956055,AAPL
2017-06-09,34.70184326171875,AAPL
2017-06-12,33.87262725830078,AAPL
2017-06-13,34.14514923095703,AAPL
2017-06-14,33.81205749511719,AAPL
2017-06-15,33.60940933227539,AAPL
2017-06-16,33.138893127441406,AAPL
2017-06-19,34.0869255065918,AAPL
2017-06-20,33.777130126953125,AAPL
2017-06-21,33.97743225097656,AAPL
2017-06-22,33.92154312133789,AAPL
2017-06-23,34.072933197021484,AAPL
2017-06-26,33.96578598022461,AAPL
2017-06-27,33.478965759277344,AAPL
2017-06-28,33.96812438964844,AAPL
2017-06-29,33.467315673828125,AAPL
2017-06-30,33.54651641845703,AAPL
2017-07-03,33.42540740966797,AAPL
2017-07-05,33.56282043457031,AAPL
2017-07-06,33.246028900146484,AAPL
2017-07-07,33.58378601074219,AAPL
2017-07-10,33.788761138916016,AAPL
2017-07-11,33.89824295043945,AAPL
2017-07-12,33.94716262817383,AAPL
2017-07-13,34.42000961303711,AAPL
2017-07-14,34.7158203125,AAPL
2017-07-17,34.836936950683594,AAPL
2017-07-18,34.95807647705078,AAPL
2017-07-19,35.177024841308594,AAPL
2017-07-20,35.01862716674805,AAPL
2017-07-21,35.00233840942383,AAPL
2017-07-24,35.42626190185547,AAPL
2017-07-25,35.577667236328125,AAPL
2017-07-26,35.74536895751953,AAPL
2017-07-27,35.06986999511719,AAPL
2017-07-28,34.822975158691406,AAPL
2017-07-31,34.643611907958984,AAPL
2017-08-01,34.95107650756836,AAPL
2017-08-02,36.6025505065918,AAPL
2017-08-03,36.23685073852539,AAPL
2017-08-04,36.4278678894043,AAPL
2017-08-07,36.99155044555664,AAPL
2017-08-08,37.28736114501953,AAPL
2017-08-09,37.51563262939453,AAPL
2017-08-10,36.32069778442383,AAPL
2017-08-11,36.82579803466797,AAPL
2017-08-14,37.380001068115234,AAPL
2017-08-15,37.78923034667969,AAPL
2017-08-16,37.637245178222656,AAPL
2017-08-17,36.91465759277344,AAPL
2017-08-18,36.83048629760742,AAPL
2017-08-21,36.76266860961914,AAPL
2017-08-22,37.3636360168457,AAPL
2017-08-23,37.4104118347168,AAPL
2017-08-24,37.244380950927734,AAPL
2017-08-25,37.382347106933594,AAPL
2017-08-28,37.75883483886719,AAPL
2017-08-29,38.095577239990234,AAPL
2017-08-30,38.198463439941406,AAPL
2017-08-31,38.350460052490234,AAPL
2017-09-01,38.36214828491211,AAPL
2017-09-05,37.90148162841797,AAPL
2017-09-06,37.86172866821289,AAPL
2017-09-07,37.7097282409668,AAPL
2017-09-08,37.09470748901367,AAPL
2017-09-11,37.76585006713867,AAPL
2017-09-12,37.61619567871094,AAPL
2017-09-13,37.33324432373047,AAPL
2017-09-14,37.01286697387695,AAPL
2017-09-15,37.387020111083984,AAPL
2017-09-18,37.10407638549805,AAPL
2017-09-19,37.11810302734375,AAPL
2017-09-20,36.49607849121094,AAPL
2017-09-21,35.86936950683594,AAPL
2017-09-22,35.518611907958984,AAPL
2017-09-25,35.20526123046875,AAPL
2017-09-26,35.810916900634766,AAPL
2017-09-27,36.06580352783203,AAPL
2017-09-28,35.843650817871094,AAPL
2017-09-29,36.04008102416992,AAPL
2017-10-02,35.96759796142578,AAPL
2017-10-03,36.124267578125,AAPL
2017-10-04,35.890411376953125,AAPL
2017-10-05,36.337066650390625,AAPL
2017-10-06,36.31601333618164,AAPL
2017-10-09,36.442291259765625,AAPL
2017-10-10,36.45632553100586,AAPL
2017-10-11,36.60832595825195,AAPL
2017-10-12,36.479705810546875,AAPL
2017-10-13,36.711219787597656,AAPL
2017-10-16,37.387020111083984,AAPL
2017-10-17,37.525001525878906,AAPL
2017-10-18,37.35896682739258,AAPL
2017-10-19,36.475040435791016,AAPL
2017-10-20,36.53816223144531,AAPL
2017-10-23,36.51945877075195,AAPL
2017-10-24,36.73694610595703,AAPL
2017-10-25,36.57558059692383,AAPL
2017-10-26,36.809425354003906,AAPL
2017-10-27,38.12831115722656,AAPL
2017-10-30,38.98653030395508,AAPL
2017-10-31,39.52903747558594,AAPL
2017-11-01,39.02627182006836,AAPL
2017-11-02,39.31156539916992,AAPL
2017-11-03,40.33814239501953,AAPL
2017-11-06,40.74736022949219,AAPL
2017-11-07,40.87832260131836,AAPL
2017-11-08,41.21271896362305,AAPL
2017-11-09,41.128536224365234,AAPL
2017-11-10,40.99241638183594,AAPL
2017-11-13,40.82813262939453,AAPL
2017-11-14,40.210914611816406,AAPL
2017-11-15,39.6805305480957,AAPL
2017-11-16,40.15459060668945,AAPL
2017-11-17,39.9316291809082,AAPL
2017-11-20,39.8917350769043,AAPL
2017-11-21,40.63334274291992,AAPL
2017-11-22,41.06047439575195,AAPL
2017-11-24,41.06282424926758,AAPL
2017-11-27,40.856300354003906,AAPL
2017-11-28,40.616920471191406,AAPL
2017-11-29,39.77440643310547,AAPL
2017-11-30,40.33060073852539,AAPL
2017-12-01,40.142852783203125,AAPL
2017-12-04,39.8494987487793,AAPL
2017-12-05,39.811954498291016,AAPL
2017-12-06,39.664100646972656,AAPL
2017-12-07,39.73685073852539,AAPL
2017-12-08,39.74858093261719,AAPL
2017-12-11,40.52304458618164,AAPL
2017-12-12,40.2953987121582,AAPL
2017-12-13,40.429168701171875,AAPL
2017-12-14,40.417442321777344,AAPL
2017-12-15,40.82813262939453,AAPL
2017-12-18,41.403114318847656,AAPL
2017-12-19,40.961910247802734,AAPL
2017-12-20,40.917320251464844,AAPL
2017-12-21,41.07220458984375,AAPL
2017-12-22,41.07220458984375,AAPL
2017-12-26,40.030208587646484,AAPL
2017-12-27,40.037254333496094,AAPL
2017-12-28,40.14990234375,AAPL
2017-12-29,39.71573257446289,AAPL
2018-01-02,40.426822662353516,AAPL
2018-01-03,40.419776916503906,AAPL
2018-01-04,40.60753631591797,AAPL
2018-01-05,41.06985855102539,AAPL
2018-01-08,40.917320251464844,AAPL
2018-01-09,40.912620544433594,AAPL
2018-01-10,40.90323257446289,AAPL
2018-01-11,41.13557052612305,AAPL
2018-01-12,41.56035232543945,AAPL
2018-01-16,41.3491325378418,AAPL
2018-01-17,42.03207015991211,AAPL
2018-01-18,42.06962585449219,AAPL
2018-01-19,41.88187026977539,AAPL
2018-01-22,41.53923797607422,AAPL
2018-01-23,41.54862594604492,AAPL
2018-01-24,40.886802673339844,AAPL
2018-01-25,40.15693664550781,AAPL
2018-01-26,40.25081253051758,AAPL
2018-01-29,39.41768264770508,AAPL
2018-01-30,39.18533706665039,AAPL
2018-01-31,39.29329299926758,AAPL
2018-02-01,39.375431060791016,AAPL
2018-02-02,37.66693115234375,AAPL
2018-02-05,36.72585678100586,AAPL
2018-02-06,38.26068115234375,AAPL
2018-02-07,37.441627502441406,AAPL
2018-02-08,36.41135787963867,AAPL
2018-02-09,36.856727600097656,AAPL
2018-02-12,38.34127426147461,AAPL
2018-02-13,38.725364685058594,AAPL
2018-02-14,39.439361572265625,AAPL
2018-02-15,40.763668060302734,AAPL
2018-02-16,40.63170623779297,AAPL
2018-02-20,40.49503707885742,AAPL
2018-02-21,40.311241149902344,AAPL
2018-02-22,40.64820861816406,AAPL
2018-02-23,41.355125427246094,AAPL
2018-02-26,42.172794342041016,AAPL
2018-02-27,42.036128997802734,AAPL
2018-02-28,41.972511291503906,AAPL
2018-03-01,41.237300872802734,AAPL
2018-03-02,41.522438049316406,AAPL
2018-03-05,41.66617202758789,AAPL
2018-03-06,41.63082504272461,AAPL
2018-03-07,41.244384765625,AAPL
2018-03-08,41.6944465637207,AAPL
2018-03-09,42.410804748535156,AAPL
2018-03-12,42.82082748413086,AAPL
2018-03-13,42.408447265625,AAPL
2018-03-14,42.04792022705078,AAPL
2018-03-15,42.0974006652832,AAPL
2018-03-16,41.94894790649414,AAPL
2018-03-19,41.3079948425293,AAPL
2018-03-20,41.29385757446289,AAPL
2018-03-21,40.35837173461914,AAPL
2018-03-22,39.788124084472656,AAPL
2018-03-23,38.86674880981445,AAPL
2018-03-26,40.711830139160156,AAPL
2018-03-27,39.66792678833008,AAPL
2018-03-28,39.22964859008789,AAPL
2018-03-29,39.53597640991211,AAPL
2018-04-02,39.27676773071289,AAPL
2018-04-03,39.67970275878906,AAPL
2018-04-04,40.4384880065918,AAPL
2018-04-05,40.71890640258789,AAPL
2018-04-06,39.6773567199707,AAPL
2018-04-09,40.070884704589844,AAPL
2018-04-10,40.82493209838867,AAPL
2018-04-11,40.63405990600586,AAPL
2018-04-12,41.03466033935547,AAPL
2018-04-13,41.173683166503906,AAPL
2018-04-16,41.430538177490234,AAPL
2018-04-17,42.000797271728516,AAPL
2018-04-18,41.906532287597656,AAPL
2018-04-19,40.71890640258789,AAPL
2018-04-20,39.05055236816406,AAPL
2018-04-23,38.937442779541016,AAPL
2018-04-24,38.395469665527344,AAPL
2018-04-25,38.56277847290039,AAPL
2018-04-26,38.69709014892578,AAPL
2018-04-27,38.249359130859375,AAPL
2018-04-30,38.94215774536133,AAPL
2018-05-01,39.84702682495117,AAPL
2018-05-02,41.60725784301758,AAPL
2018-05-03,41.68266677856445,AAPL
2018-05-04,43.31802749633789,AAPL
2018-05-07,43.63142776489258,AAPL
2018-05-08,43.841156005859375,AAPL
2018-05-09,44.149845123291016,AAPL
2018-05-10,44.7813606262207,AAPL
2018-05-11,44.61104965209961,AAPL
2018-05-14,44.50696563720703,AAPL
2018-05-15,44.10245895385742,AAPL
2018-05-16,44.51405334472656,AAPL
2018-05-17,44.23256301879883,AAPL
2018-05-18,44.071712493896484,AAPL
2018-05-21,44.38395309448242,AAPL
2018-05-22,44.27277755737305,AAPL
2018-05-23,44.556640625,AAPL
2018-05-24,44.50696563720703,AAPL
2018-05-25,44.60867691040039,AAPL
2018-05-29,44.447818756103516,AAPL
2018-05-30,44.35320281982422,AAPL
2018-05-31,44.20418167114258,AAPL
2018-06-01,45.001346588134766,AAPL
2018-06-04,45.377464294433594,AAPL
2018-06-05,45.72755432128906,AAPL
2018-06-06,45.886043548583984,AAPL
2018-06-07,45.7630500793457,AAPL
2018-06-08,45.34672164916992,AAPL
2018-06-11,45.23554229736328,AAPL
2018-06-12,45.48391342163086,AAPL
2018-06-13,45.110172271728516,AAPL
2018-06-14,45.13382339477539,AAPL
2018-06-15,44.67018127441406,AAPL
2018-06-18,44.64654541015625,AAPL
2018-06-19,43.925052642822266,AAPL
2018-06-20,44.11665725708008,AAPL
2018-06-21,43.870635986328125,AAPL
2018-06-22,43.74290466308594,AAPL
2018-06-25,43.09238815307617,AAPL
2018-06-26,43.62697982788086,AAPL
2018-06-27,43.5631217956543,AAPL
2018-06-28,43.880096435546875,AAPL
2018-06-29,43.78784942626953,AAPL
2018-07-02,44.27750778198242,AAPL
2018-07-03,43.50635528564453,AAPL
2018-07-05,43.85643768310547,AAPL
2018-07-06,44.46438217163086,AAPL
2018-07-09,45.08177947998047,AAPL
2018-07-10,45.02737808227539,AAPL
2018-07-11,44.443092346191406,AAPL
2018-07-12,45.188232421875,AAPL
2018-07-13,45.259193420410156,AAPL
2018-07-16,45.159854888916016,AAPL
2018-07-17,45.28757095336914,AAPL
2018-07-18,45.0391845703125,AAPL
2018-07-19,45.38929748535156,AAPL
2018-07-20,45.28521728515625,AAPL
2018-07-23,45.32542419433594,AAPL
2018-07-24,45.654232025146484,AAPL
2018-07-25,46.084747314453125,AAPL
2018-07-26,45.940460205078125,AAPL
2018-07-27,45.1763916015625,AAPL
2018-07-30,44.92329025268555,AAPL
2018-07-31,45.01317596435547,AAPL
2018-08-01,47.6649169921875,AAPL
2018-08-02,49.05819320678711,AAPL
2018-08-03,49.20011901855469,AAPL
2018-08-06,49.45560836791992,AAPL
2018-08-07,48.99195861816406,AAPL
2018-08-08,49.02507019042969,AAPL
2018-08-09,49.41064453125,AAPL
2018-08-10,49.26346969604492,AAPL
2018-08-13,49.581565856933594,AAPL
2018-08-14,49.79045867919922,AAPL
2018-08-15,49.90678787231445,AAPL
2018-08-16,50.637901306152344,AAPL
2018-08-17,51.64914321899414,AAPL
2018-08-20,51.145896911621094,AAPL
2018-08-21,51.04619216918945,AAPL
2018-08-22,51.048580169677734,AAPL
2018-08-23,51.15302276611328,AAPL
2018-08-24,51.31206130981445,AAPL
2018-08-27,51.73460006713867,AAPL
2018-08-28,52.15238571166992,AAPL
2018-08-29,52.93099594116211,AAPL
2018-08-30,53.417625427246094,AAPL
2018-08-31,54.034820556640625,AAPL
2018-09-04,54.208099365234375,AAPL
2018-09-05,53.85441207885742,AAPL
2018-09-06,52.9594841003418,AAPL
2018-09-07,52.53219985961914,AAPL
2018-09-10,51.82718276977539,AAPL
2018-09-11,53.13752746582031,AAPL
2018-09-12,52.477596282958984,AAPL
2018-09-13,53.74521255493164,AAPL
2018-09-14,53.13515090942383,AAPL
2018-09-17,51.720359802246094,AAPL
2018-09-18,51.805816650390625,AAPL
2018-09-19,51.83667755126953,AAPL
2018-09-20,52.23072814941406,AAPL
2018-09-21,51.66813278198242,AAPL
2018-09-24,52.4111328125,AAPL
2018-09-25,52.74346923828125,AAPL
2018-09-26,52.32330322265625,AAPL
2018-09-27,53.39863204956055,AAPL
2018-09-28,53.58617401123047,AAPL
2018-10-01,53.94698715209961,AAPL
2018-10-02,54.42649459838867,AAPL
2018-10-03,55.08877182006836,AAPL
2018-10-04,54.12027359008789,AAPL
2018-10-05,53.24197769165039,AAPL
2018-10-08,53.118534088134766,AAPL
2018-10-09,53.85441207885742,AAPL
2018-10-10,51.35953903198242,AAPL
2018-10-11,50.90615463256836,AAPL
2018-10-12,52.724483489990234,AAPL
2018-10-15,51.5969123840332,AAPL
2018-10-16,52.73396301269531,AAPL
2018-10-17,52.5060920715332,AAPL
2018-10-18,51.27883529663086,AAPL
2018-10-19,52.059814453125,AAPL
2018-10-22,52.377899169921875,AAPL
2018-10-23,52.87165451049805,AAPL
2018-10-24,51.058074951171875,AAPL
2018-10-25,52.17613220214844,AAPL
2018-10-26,51.345298767089844,AAPL
2018-10-29,50.381526947021484,AAPL
2018-10-30,50.63315963745117,AAPL
2018-10-31,51.9529914855957,AAPL
2018-11-01,52.75058364868164,AAPL
2018-11-02,49.25160598754883,AAPL
2018-11-05,47.85344696044922,AAPL
2018-11-06,48.37093734741211,AAPL
2018-11-07,49.83793640136719,AAPL
2018-11-08,49.6640510559082,AAPL
2018-11-09,48.70643615722656,AAPL
2018-11-12,46.25291061401367,AAPL
2018-11-13,45.7907829284668,AAPL
2018-11-14,44.497310638427734,AAPL
2018-11-15,45.5954475402832,AAPL
2018-11-16,46.10043716430664,AAPL
2018-11-19,44.27338790893555,AAPL
2018-11-20,42.158111572265625,AAPL
2018-11-21,42.11045837402344,AAPL
2018-11-23,41.0409049987793,AAPL
2018-11-26,41.595924377441406,AAPL
2018-11-27,41.50542068481445,AAPL
2018-11-28,43.10141372680664,AAPL
2018-11-29,42.77029800415039,AAPL
2018-11-30,42.53923034667969,AAPL
2018-12-03,44.02566146850586,AAPL
2018-12-04,42.08901596069336,AAPL
2018-12-06,41.619747161865234,AAPL
2018-12-07,40.13572311401367,AAPL
2018-12-10,40.40013122558594,AAPL
2018-12-11,40.1690673828125,AAPL
2018-12-12,40.28103256225586,AAPL
2018-12-13,40.72170639038086,AAPL
2018-12-14,39.41870880126953,AAPL
2018-12-17,39.05187225341797,AAPL
2018-12-18,39.55925369262695,AAPL
2018-12-19,38.325321197509766,AAPL
2018-12-20,37.358211517333984,AAPL
2018-12-21,35.90513229370117,AAPL
2018-12-24,34.97612380981445,AAPL
2018-12-26,37.43919372558594,AAPL
2018-12-27,37.19621658325195,AAPL
2018-12-28,37.21527099609375,AAPL
2018-12-31,37.57497787475586,AAPL
2019-01-02,37.61784362792969,AAPL
2019-01-03,33.87084197998047,AAPL
2019-01-04,35.31675338745117,AAPL
2019-01-07,35.238155364990234,AAPL
2019-01-08,35.90989303588867,AAPL
2019-01-09,36.51971435546875,AAPL
2019-01-10,36.63644027709961,AAPL
2019-01-11,36.2767448425293,AAPL
2019-01-14,35.73125076293945,AAPL
2019-01-15,36.462547302246094,AAPL
2019-01-16,36.907997131347656,AAPL
2019-01-17,37.12714767456055,AAPL
2019-01-18,37.355831146240234,AAPL
2019-01-22,36.51732635498047,AAPL
2019-01-23,36.665016174316406,AAPL
2019-01-24,36.374412536621094,AAPL
2019-01-25,37.57973098754883,AAPL
2019-01-28,37.23196029663086,AAPL
2019-01-29,36.846065521240234,AAPL
2019-01-30,39.36391830444336,AAPL
2019-01-31,39.64738464355469,AAPL
2019-02-01,39.666439056396484,AAPL
2019-02-04,40.79317092895508,AAPL
2019-02-05,41.49112319946289,AAPL
2019-02-06,41.50542068481445,AAPL
2019-02-07,40.719329833984375,AAPL
2019-02-08,40.76716232299805,AAPL
2019-02-11,40.5327262878418,AAPL
2019-02-12,40.88200378417969,AAPL
2019-02-13,40.7121467590332,AAPL
2019-02-14,40.860469818115234,AAPL
2019-02-15,40.769561767578125,AAPL
2019-02-19,40.891563415527344,AAPL
2019-02-20,41.154720306396484,AAPL
2019-02-21,40.922664642333984,AAPL
2019-02-22,41.37959671020508,AAPL
2019-02-25,41.6810188293457,AAPL
2019-02-26,41.7049446105957,AAPL
2019-02-27,41.83414077758789,AAPL
2019-02-28,41.42265319824219,AAPL
2019-03-01,41.85806655883789,AAPL
2019-03-04,42.068572998046875,AAPL
2019-03-05,41.99202346801758,AAPL
2019-03-06,41.750404357910156,AAPL
2019-03-07,41.26716995239258,AAPL
2019-03-08,41.36525344848633,AAPL
2019-03-11,42.79823303222656,AAPL
2019-03-12,43.27907943725586,AAPL
2019-03-13,43.470462799072266,AAPL
2019-03-14,43.953712463378906,AAPL
2019-03-15,44.52547073364258,AAPL
2019-03-18,44.98001480102539,AAPL
2019-03-19,44.62355041503906,AAPL
2019-03-20,45.01350402832031,AAPL
2019-03-21,46.67136001586914,AAPL
2019-03-22,45.70487594604492,AAPL
2019-03-25,45.15226364135742,AAPL
2019-03-26,44.685752868652344,AAPL
2019-03-27,45.08765411376953,AAPL
2019-03-28,45.14747619628906,AAPL
2019-03-29,45.44171905517578,AAPL
2019-04-01,45.750328063964844,AAPL
2019-04-02,46.41538619995117,AAPL
2019-04-03,46.733558654785156,AAPL
2019-04-04,46.81489944458008,AAPL
2019-04-05,47.128299713134766,AAPL
2019-04-08,47.869903564453125,AAPL
2019-04-09,47.726383209228516,AAPL
2019-04-10,47.99429702758789,AAPL
2019-04-11,47.594791412353516,AAPL
2019-04-12,47.575653076171875,AAPL
2019-04-15,47.66176986694336,AAPL
2019-04-16,47.66655349731445,AAPL
2019-04-17,48.59476852416992,AAPL
2019-04-18,48.769405364990234,AAPL
2019-04-22,48.92969512939453,AAPL
2019-04-23,49.63541793823242,AAPL
2019-04-24,49.55887222290039,AAPL
2019-04-25,49.10911560058594,AAPL
2019-04-26,48.87466812133789,AAPL
2019-04-29,48.94883346557617,AAPL
2019-04-30,48.00626754760742,AAPL
2019-05-01,50.36267852783203,AAPL
2019-05-02,50.03493118286133,AAPL
2019-05-03,50.65694046020508,AAPL
2019-05-06,49.874656677246094,AAPL
2019-05-07,48.530181884765625,AAPL
2019-05-08,48.53974533081055,AAPL
2019-05-09,48.01822280883789,AAPL
2019-05-10,47.35301971435547,AAPL
2019-05-13,44.60087203979492,AAPL
2019-05-14,45.30691909790039,AAPL
2019-05-15,45.849666595458984,AAPL
2019-05-16,45.64793395996094,AAPL
2019-05-17,45.388572692871094,AAPL
2019-05-20,43.96928405761719,AAPL
2019-05-21,44.812217712402344,AAPL
2019-05-22,43.89484405517578,AAPL
2019-05-23,43.145572662353516,AAPL
2019-05-24,42.979854583740234,AAPL
2019-05-28,42.80215072631836,AAPL
2019-05-29,42.598018646240234,AAPL
2019-05-30,42.81895065307617,AAPL
2019-05-31,42.04326248168945,AAPL
2019-06-03,41.61819839477539,AAPL
2019-06-04,43.14075469970703,AAPL
2019-06-05,43.83719253540039,AAPL
2019-06-06,44.480804443359375,AAPL
2019-06-07,45.66475296020508,AAPL
2019-06-10,46.248313903808594,AAPL
2019-06-11,46.783851623535156,AAPL
2019-06-12,46.63496398925781,AAPL
2019-06-13,46.62535095214844,AAPL
2019-06-14,46.28673553466797,AAPL
2019-06-17,46.56291198730469,AAPL
2019-06-18,47.65800476074219,AAPL
2019-06-19,47.51872634887695,AAPL
2019-06-20,47.90055847167969,AAPL
2019-06-21,47.73725509643555,AAPL
2019-06-24,47.6892204284668,AAPL
2019-06-25,46.966365814208984,AAPL
2019-06-26,47.982208251953125,AAPL
2019-06-27,47.96780014038086,AAPL
2019-06-28,47.530723571777344,AAPL
2019-07-01,48.402469635009766,AAPL
2019-07-02,48.685848236083984,AAPL
2019-07-03,49.08930587768555,AAPL
2019-07-05,49.046077728271484,AAPL
2019-07-08,48.03504180908203,AAPL
2019-07-09,48.32802963256836,AAPL
2019-07-10,48.80592346191406,AAPL
2019-07-11,48.45051193237305,AAPL
2019-07-12,48.82272720336914,AAPL
2019-07-15,49.281429290771484,AAPL
2019-07-16,49.11091613769531,AAPL
2019-07-17,48.83476257324219,AAPL
2019-07-18,49.389495849609375,AAPL
2019-07-19,48.652225494384766,AAPL
2019-07-22,49.764129638671875,AAPL
2019-07-23,50.153167724609375,AAPL
2019-07-24,50.11235427856445,AAPL
2019-07-25,49.716102600097656,AAPL
2019-07-26,49.88901138305664,AAPL
2019-07-29,50.35490417480469,AAPL
2019-07-30,50.138771057128906,AAPL
2019-07-31,51.161808013916016,AAPL
2019-08-01,50.05471420288086,AAPL
2019-08-02,48.99563980102539,AAPL
2019-08-05,46.430824279785156,AAPL
2019-08-06,47.309791564941406,AAPL
2019-08-07,47.799678802490234,AAPL
2019-08-08,48.85395812988281,AAPL
2019-08-09,48.451377868652344,AAPL
2019-08-12,48.32843780517578,AAPL
2019-08-13,50.37506866455078,AAPL
2019-08-14,48.875648498535156,AAPL
2019-08-15,48.63217544555664,AAPL
2019-08-16,49.77963638305664,AAPL
2019-08-19,50.70773696899414,AAPL
2019-08-20,50.710147857666016,AAPL
2019-08-21,51.259761810302734,AAPL
2019-08-22,51.216373443603516,AAPL
2019-08-23,48.84912872314453,AAPL
2019-08-26,49.777225494384766,AAPL
2019-08-27,49.215545654296875,AAPL
2019-08-28,49.54581832885742,AAPL
2019-08-29,50.38471221923828,AAPL
2019-08-30,50.31962585449219,AAPL
2019-09-03,49.586788177490234,AAPL
2019-09-04,50.428096771240234,AAPL
2019-09-05,51.4140510559082,AAPL
2019-09-06,51.40923309326172,AAPL
2019-09-09,51.628597259521484,AAPL
2019-09-10,52.238487243652344,AAPL
2019-09-11,53.8994140625,AAPL
2019-09-12,53.77888870239258,AAPL
2019-09-13,52.73268127441406,AAPL
2019-09-16,53.0098876953125,AAPL
2019-09-17,53.202735900878906,AAPL
2019-09-18,53.70173645019531,AAPL
2019-09-19,53.265419006347656,AAPL
2019-09-20,52.486785888671875,AAPL
2019-09-23,52.72543716430664,AAPL
2019-09-24,52.474727630615234,AAPL
2019-09-25,53.282291412353516,AAPL
2019-09-26,53.007484436035156,AAPL
2019-09-27,52.749549865722656,AAPL
2019-09-30,53.99102020263672,AAPL
2019-10-01,54.14047622680664,AAPL
2019-10-02,52.783294677734375,AAPL
2019-10-03,53.23168182373047,AAPL
2019-10-04,54.72385787963867,AAPL
2019-10-07,54.73591232299805,AAPL
2019-10-08,54.09468078613281,AAPL
2019-10-09,54.72866439819336,AAPL
2019-10-10,55.466331481933594,AAPL
2019-10-11,56.941646575927734,AAPL
2019-10-14,56.85967254638672,AAPL
2019-10-15,56.72709655761719,AAPL
2019-10-16,56.49808883666992,AAPL
2019-10-17,56.71745681762695,AAPL
2019-10-18,56.98985290527344,AAPL
2019-10-21,57.97821044921875,AAPL
2019-10-22,57.84563446044922,AAPL
2019-10-23,58.62185287475586,AAPL
2019-10-24,58.7182731628418,AAPL
2019-10-25,59.44147872924805,AAPL
2019-10-28,60.03689193725586,AAPL
2019-10-29,58.64835739135742,AAPL
2019-10-30,58.64113998413086,AAPL
2019-10-31,59.96697998046875,AAPL
2019-11-01,61.66889953613281,AAPL
2019-11-04,62.073890686035156,AAPL
2019-11-05,61.98468780517578,AAPL
2019-11-06,62.01121139526367,AAPL
2019-11-07,62.726890563964844,AAPL
2019-11-08,62.898563385009766,AAPL
2019-11-11,63.396644592285156,AAPL
2019-11-12,63.33861541748047,AAPL
2019-11-13,63.94552230834961,AAPL
2019-11-14,63.50303649902344,AAPL
2019-11-15,64.25741577148438,AAPL
2019-11-18,64.5814208984375,AAPL
2019-11-19,64.38555908203125,AAPL
2019-11-20,63.63601303100586,AAPL
2019-11-21,63.35071563720703,AAPL
2019-11-22,63.29508590698242,AAPL
2019-11-25,64.4048843383789,AAPL
2019-11-26,63.90198516845703,AAPL
2019-11-27,64.76031494140625,AAPL
2019-11-29,64.61766052246094,AAPL
2019-12-02,63.870567321777344,AAPL
2019-12-03,62.73173522949219,AAPL
2019-12-04,63.285430908203125,AAPL
2019-12-05,64.2138900756836,AAPL
2019-12-06,65.45425415039062,AAPL
2019-12-09,64.53787994384766,AAPL
2019-12-10,64.91507720947266,AAPL
2019-12-11,65.4687728881836,AAPL
2019-12-12,65.6355972290039,AAPL
2019-12-13,66.52780151367188,AAPL
2019-12-16,67.66661071777344,AAPL
2019-12-17,67.79960632324219,AAPL
2019-12-18,67.6375732421875,AAPL
2019-12-19,67.70527648925781,AAPL
2019-12-20,67.56507110595703,AAPL
2019-12-23,68.6676025390625,AAPL
2019-12-24,68.7328872680664,AAPL
2019-12-26,70.0965576171875,AAPL
2019-12-27,70.06997680664062,AAPL
2019-12-30,70.4858627319336,AAPL
2019-12-31,71.0008544921875,AAPL
2020-01-02,72.62084197998047,AAPL
2020-01-03,71.91482543945312,AAPL
2020-01-06,72.48786163330078,AAPL
2020-01-07,72.14692687988281,AAPL
2020-01-08,73.3075180053711,AAPL
2020-01-09,74.86463165283203,AAPL
2020-01-10,75.03389739990234,AAPL
2020-01-13,76.63691711425781,AAPL
2020-01-14,75.6020736694336,AAPL
2020-01-15,75.27808380126953,AAPL
2020-01-16,76.22105407714844,AAPL
2020-01-17,77.06488800048828,AAPL
2020-01-21,76.54264068603516,AAPL
2020-01-22,76.81583404541016,AAPL
2020-01-23,77.18577575683594,AAPL
2020-01-24,76.96333312988281,AAPL
2020-01-27,74.70022583007812,AAPL
2020-01-28,76.81343078613281,AAPL
2020-01-29,78.42131805419922,AAPL
2020-01-30,78.30767059326172,AAPL
2020-01-31,74.83562469482422,AAPL
2020-02-03,74.63008880615234,AAPL
2020-02-04,77.09390258789062,AAPL
2020-02-05,77.72254180908203,AAPL
2020-02-06,78.63166046142578,AAPL
2020-02-07,77.5628433227539,AAPL
2020-02-10,77.93123626708984,AAPL
2020-02-11,77.4610595703125,AAPL
2020-02-12,79.30058288574219,AAPL
2020-02-13,78.73588562011719,AAPL
2020-02-14,78.7552719116211,AAPL
2020-02-18,77.31324005126953,AAPL
2020-02-19,78.43292999267578,AAPL
2020-02-20,77.62828063964844,AAPL
2020-02-21,75.87116241455078,AAPL
2020-02-24,72.26726531982422,AAPL
2020-02-25,69.81940460205078,AAPL
2020-02-26,70.92698669433594,AAPL
2020-02-27,66.2906265258789,AAPL
2020-02-28,66.25186157226562,AAPL
2020-03-02,72.41995239257812,AAPL
2020-03-03,70.11992645263672,AAPL
2020-03-04,73.37242889404297,AAPL
2020-03-05,70.99244689941406,AAPL
2020-03-06,70.0496597290039,AAPL
2020-03-09,64.50929260253906,AAPL
2020-03-10,69.15534210205078,AAPL
2020-03-11,66.75354766845703,AAPL
2020-03-12,60.16131591796875,AAPL
2020-03-13,67.36914825439453,AAPL
2020-03-16,58.702308654785156,AAPL
2020-03-17,61.28345489501953,AAPL
2020-03-18,59.78323745727539,AAPL
2020-03-19,59.325164794921875,AAPL
2020-03-20,55.55888748168945,AAPL
2020-03-23,54.37858581542969,AAPL
2020-03-24,59.834136962890625,AAPL
2020-03-25,59.50452423095703,AAPL
2020-03-26,62.63582992553711,AAPL
2020-03-27,60.042572021484375,AAPL
2020-03-30,61.75605773925781,AAPL
2020-03-31,61.63003158569336,AAPL
2020-04-01,58.38723373413086,AAPL
2020-04-02,59.36153030395508,AAPL
2020-04-03,58.508419036865234,AAPL
2020-04-06,63.612552642822266,AAPL
2020-04-07,62.875755310058594,AAPL
2020-04-08,64.48505401611328,AAPL
2020-04-09,64.95037078857422,AAPL
2020-04-13,66.22518920898438,AAPL
2020-04-14,69.56978607177734,AAPL
2020-04-15,68.93480682373047,AAPL
2020-04-16,69.48253631591797,AAPL
2020-04-17,68.53976440429688,AAPL
2020-04-20,67.1170883178711,AAPL
2020-04-21,65.04248046875,AAPL
2020-04-22,66.91593933105469,AAPL
2020-04-23,66.65660095214844,AAPL
2020-04-24,68.58094787597656,AAPL
2020-04-27,68.62942504882812,AAPL
2020-04-28,67.51700592041016,AAPL
2020-04-29,69.73458862304688,AAPL
2020-04-30,71.20572662353516,AAPL
2020-05-01,70.05937194824219,AAPL
2020-05-04,71.05061340332031,AAPL
2020-05-05,72.11700439453125,AAPL
2020-05-06,72.86105346679688,AAPL
2020-05-07,73.61477661132812,AAPL
2020-05-08,75.36693572998047,AAPL
2020-05-11,76.55287170410156,AAPL
2020-05-12,75.67798614501953,AAPL
2020-05-13,74.76426696777344,AAPL
2020-05-14,75.22357177734375,AAPL
2020-05-15,74.77883911132812,AAPL
2020-05-18,76.54071044921875,AAPL
2020-05-19,76.09842681884766,AAPL
2020-05-20,77.57839965820312,AAPL
2020-05-21,77.0000228881836,AAPL
2020-05-22,77.49578094482422,AAPL
2020-05-26,76.97086334228516,AAPL
2020-05-27,77.30622863769531,AAPL
2020-05-28,77.34025573730469,AAPL
2020-05-29,77.26492309570312,AAPL
2020-06-01,78.21510314941406,AAPL
2020-06-02,78.57720947265625,AAPL
2020-06-03,79.00977325439453,AAPL
2020-06-04,78.32933807373047,AAPL
2020-06-05,80.56024169921875,AAPL
2020-06-08,81.03653717041016,AAPL
2020-06-09,83.59552001953125,AAPL
2020-06-10,85.74622344970703,AAPL
2020-06-11,81.6294937133789,AAPL
2020-06-12,82.3342514038086,AAPL
2020-06-15,83.35249328613281,AAPL
2020-06-16,85.5615005493164,AAPL
2020-06-17,85.44245910644531,AAPL
2020-06-18,85.47647094726562,AAPL
2020-06-19,84.98799133300781,AAPL
2020-06-22,87.21160888671875,AAPL
2020-06-23,89.07310485839844,AAPL
2020-06-24,87.50080108642578,AAPL
2020-06-25,88.66242218017578,AAPL
2020-06-26,85.93818664550781,AAPL
2020-06-29,87.9188003540039,AAPL
2020-06-30,88.65269470214844,AAPL
2020-07-01,88.4850082397461,AAPL
2020-07-02,88.4850082397461,AAPL
2020-07-06,90.85202026367188,AAPL
2020-07-07,90.57009887695312,AAPL
2020-07-08,92.67949676513672,AAPL
2020-07-09,93.07804870605469,AAPL
2020-07-10,93.24087524414062,AAPL
2020-07-13,92.81072998046875,AAPL
2020-07-14,94.34661865234375,AAPL
2020-07-15,94.99543762207031,AAPL
2020-07-16,93.82653045654297,AAPL
2020-07-17,93.6369857788086,AAPL
2020-07-20,95.61028289794922,AAPL
2020-07-21,94.29070281982422,AAPL
2020-07-22,94.55558776855469,AAPL
2020-07-23,90.25175476074219,AAPL
2020-07-24,90.02816772460938,AAPL
2020-07-27,92.161865234375,AAPL
2020-07-28,90.64785766601562,AAPL
2020-07-29,92.38544464111328,AAPL
2020-07-30,93.50334167480469,AAPL
2020-07-31,103.29206085205078,AAPL
2020-08-03,105.89478302001953,AAPL
2020-08-04,106.6019515991211,AAPL
2020-08-05,106.98834991455078,AAPL
2020-08-06,110.72109985351562,AAPL
2020-08-07,108.20377349853516,AAPL
2020-08-10,109.77649688720703,AAPL
2020-08-11,106.51174926757812,AAPL
2020-08-12,110.05160522460938,AAPL
2020-08-13,111.99925231933594,AAPL
2020-08-14,111.8994140625,AAPL
2020-08-17,111.60726165771484,AAPL
2020-08-18,112.53727722167969,AAPL
2020-08-19,112.67848205566406,AAPL
2020-08-20,115.17875671386719,AAPL
2020-08-21,121.11421203613281,AAPL
2020-08-24,122.5627670288086,AAPL
2020-08-25,121.55729675292969,AAPL
2020-08-26,123.2103500366211,AAPL
2020-08-27,121.73744201660156,AAPL
2020-08-28,121.5402603149414,AAPL
2020-08-31,125.66194152832031,AAPL
2020-09-01,130.66738891601562,AAPL
2020-09-02,127.96019744873047,AAPL
2020-09-03,117.715576171875,AAPL
2020-09-04,117.79346466064453,AAPL
2020-09-08,109.86656951904297,AAPL
2020-09-09,114.24876403808594,AAPL
2020-09-10,110.5190200805664,AAPL
2020-09-11,109.06803131103516,AAPL
2020-09-14,112.3400650024414,AAPL
2020-09-15,112.5153579711914,AAPL
2020-09-16,109.19462585449219,AAPL
2020-09-17,107.45148468017578,AAPL
2020-09-18,104.04312896728516,AAPL
2020-09-21,107.19830322265625,AAPL
2020-09-22,108.88298797607422,AAPL
2020-09-23,104.3157958984375,AAPL
2020-09-24,105.38697814941406,AAPL
2020-09-25,109.3406982421875,AAPL
2020-09-28,111.9505615234375,AAPL
2020-09-29,111.10332489013672,AAPL
2020-09-30,112.77828216552734,AAPL
2020-10-01,113.73263549804688,AAPL
2020-10-02,110.06134033203125,AAPL
2020-10-05,113.45022583007812,AAPL
2020-10-06,110.19766235351562,AAPL
2020-10-07,112.06739044189453,AAPL
2020-10-08,111.96028900146484,AAPL
2020-10-09,113.90792083740234,AAPL
2020-10-12,121.14340209960938,AAPL
2020-10-13,117.9298324584961,AAPL
2020-10-14,118.0174789428711,AAPL
2020-10-15,117.55001831054688,AAPL
2020-10-16,115.90425872802734,AAPL
2020-10-19,112.94384002685547,AAPL
2020-10-20,114.4338150024414,AAPL
2020-10-21,113.810546875,AAPL
2020-10-22,112.71985626220703,AAPL
2020-10-23,112.0284423828125,AAPL
2020-10-26,112.0381851196289,AAPL
2020-10-27,113.54761505126953,AAPL
2020-10-28,108.2889633178711,AAPL
2020-10-29,112.30111694335938,AAPL
2020-10-30,106.01023864746094,AAPL
2020-11-02,105.92259216308594,AAPL
2020-11-03,107.54886627197266,AAPL
2020-11-04,111.94081115722656,AAPL
2020-11-05,115.91399383544922,AAPL
2020-11-06,115.78231048583984,AAPL
2020-11-09,113.47037506103516,AAPL
2020-11-10,113.12895202636719,AAPL
2020-11-11,116.5627212524414,AAPL
2020-11-12,116.2895736694336,AAPL
2020-11-13,116.33834075927734,AAPL
2020-11-16,117.35285949707031,AAPL
2020-11-17,116.46515655517578,AAPL
2020-11-18,115.13848114013672,AAPL
2020-11-19,115.73352813720703,AAPL
2020-11-20,114.46537017822266,AAPL
2020-11-23,111.06088256835938,AAPL
2020-11-24,112.34854125976562,AAPL
2020-11-25,113.18746948242188,AAPL
2020-11-27,113.7337646484375,AAPL
2020-11-30,116.13349151611328,AAPL
2020-12-01,119.71358489990234,AAPL
2020-12-02,120.06477355957031,AAPL
2020-12-03,119.92819213867188,AAPL
2020-12-04,119.2551040649414,AAPL
2020-12-07,120.7183609008789,AAPL
2020-12-08,121.33291625976562,AAPL
2020-12-09,118.79661560058594,AAPL
2020-12-10,120.22084045410156,AAPL
2020-12-11,119.41117858886719,AAPL
2020-12-14,118.79661560058594,AAPL
2020-12-15,124.74717712402344,AAPL
2020-12-16,124.67888641357422,AAPL
2020-12-17,125.5470962524414,AAPL
2020-12-18,123.55707550048828,AAPL
2020-12-21,125.08858489990234,AAPL
2020-12-22,128.64920043945312,AAPL
2020-12-23,127.75171661376953,AAPL
2020-12-24,128.73696899414062,AAPL
2020-12-28,133.3413543701172,AAPL
2020-12-29,131.56591796875,AAPL
2020-12-30,130.4441375732422,AAPL
2020-12-31,129.4393768310547,AAPL
2021-01-04,126.23969268798828,AAPL
2021-01-05,127.80048370361328,AAPL
2021-01-06,123.4985122680664,AAPL
2021-01-07,127.71267700195312,AAPL
2021-01-08,128.81503295898438,AAPL
2021-01-11,125.8202133178711,AAPL
2021-01-12,125.64464569091797,AAPL
2021-01-13,127.6834487915039,AAPL
2021-01-14,125.7519302368164,AAPL
2021-01-15,124.02529907226562,AAPL
2021-01-19,124.69841003417969,AAPL
2021-01-20,128.79547119140625,AAPL
2021-01-21,133.51695251464844,AAPL
2021-01-22,135.6630401611328,AAPL
2021-01-25,139.418701171875,AAPL
2021-01-26,139.65283203125,AAPL
2021-01-27,138.57980346679688,AAPL
2021-01-28,133.7315216064453,AAPL
2021-01-29,128.7272186279297,AAPL
2021-02-01,130.85379028320312,AAPL
2021-02-02,131.68299865722656,AAPL
2021-02-03,130.65870666503906,AAPL
2021-02-04,134.02418518066406,AAPL
2021-02-05,133.60902404785156,AAPL
2021-02-08,133.7555389404297,AAPL
2021-02-09,132.8762664794922,AAPL
2021-02-10,132.27053833007812,AAPL
2021-02-11,132.01654052734375,AAPL
2021-02-12,132.25099182128906,AAPL
2021-02-16,130.12124633789062,AAPL
2021-02-17,127.82534790039062,AAPL
2021-02-18,126.721435546875,AAPL
2021-02-19,126.87772369384766,AAPL
2021-02-22,123.09689331054688,AAPL
2021-02-23,122.96011352539062,AAPL
2021-02-24,122.46186065673828,AAPL
2021-02-25,118.20233154296875,AAPL
2021-02-26,118.46611785888672,AAPL
2021-03-01,124.84566497802734,AAPL
2021-03-02,122.2371826171875,AAPL
2021-03-03,119.24766540527344,AAPL
2021-03-04,117.36214447021484,AAPL
2021-03-05,118.6224136352539,AAPL
2021-03-08,113.67902374267578,AAPL
2021-03-09,118.30001831054688,AAPL
2021-03-10,117.21561431884766,AAPL
2021-03-11,119.14998626708984,AAPL
2021-03-12,118.24140930175781,AAPL
2021-03-15,121.1332015991211,AAPL
2021-03-16,122.67680358886719,AAPL
2021-03-17,121.88546752929688,AAPL
2021-03-18,117.75291442871094,AAPL
2021-03-19,117.2253646850586,AAPL
2021-03-22,120.54705047607422,AAPL
2021-03-23,119.71662139892578,AAPL
2021-03-24,117.32306671142578,AAPL
2021-03-25,117.8115463256836,AAPL
2021-03-26,118.41726684570312,AAPL
2021-03-29,118.59312438964844,AAPL
2021-03-30,117.13745880126953,AAPL
2021-03-31,119.33560943603516,AAPL
2021-04-01,120.166015625,AAPL
2021-04-05,122.99920654296875,AAPL
2021-04-06,123.30205535888672,AAPL
2021-04-07,124.95313262939453,AAPL
2021-04-08,127.35643005371094,AAPL
2021-04-09,129.93563842773438,AAPL
2021-04-12,128.21617126464844,AAPL
2021-04-13,131.3326416015625,AAPL
2021-04-14,128.98797607421875,AAPL
2021-04-15,131.40106201171875,AAPL
2021-04-16,131.06890869140625,AAPL
2021-04-19,131.73321533203125,AAPL
2021-04-20,130.04307556152344,AAPL
2021-04-21,130.42410278320312,AAPL
2021-04-22,128.90003967285156,AAPL
2021-04-23,131.22520446777344,AAPL
2021-04-26,131.61599731445312,AAPL
2021-04-27,131.2935791015625,AAPL
2021-04-28,130.50225830078125,AAPL
2021-04-29,130.404541015625,AAPL
2021-04-30,128.43113708496094,AAPL
2021-05-03,129.4862060546875,AAPL
2021-05-04,124.90426635742188,AAPL
2021-05-05,125.14851379394531,AAPL
2021-05-06,126.750732421875,AAPL
2021-05-07,127.42599487304688,AAPL
2021-05-10,124.13780975341797,AAPL
2021-05-11,123.2178955078125,AAPL
2021-05-12,120.14505767822266,AAPL
2021-05-13,122.2979965209961,AAPL
2021-05-14,124.72499084472656,AAPL
2021-05-17,123.57019805908203,AAPL
2021-05-18,122.18055725097656,AAPL
2021-05-19,122.02400207519531,AAPL
2021-05-20,124.58798217773438,AAPL
2021-05-21,122.74815368652344,AAPL
2021-05-24,124.3824691772461,AAPL
2021-05-25,124.1867446899414,AAPL
2021-05-26,124.13780975341797,AAPL
2021-05-27,122.60137176513672,AAPL
2021-05-28,121.94570922851562,AAPL
2021-06-01,121.62277221679688,AAPL
2021-06-02,122.38609313964844,AAPL
2021-06-03,120.8985824584961,AAPL
2021-06-04,123.19833374023438,AAPL
2021-06-07,123.2081298828125,AAPL
2021-06-08,124.03016662597656,AAPL
2021-06-09,124.41182708740234,AAPL
2021-06-10,123.41362762451172,AAPL
2021-06-11,124.62713623046875,AAPL
2021-06-14,127.69017791748047,AAPL
2021-06-15,126.8681640625,AAPL
2021-06-16,127.36726379394531,AAPL
2021-06-17,128.97218322753906,AAPL
2021-06-18,127.67061614990234,AAPL
2021-06-21,129.47129821777344,AAPL
2021-06-22,131.11538696289062,AAPL
2021-06-23,130.84133911132812,AAPL
2021-06-24,130.55760192871094,AAPL
2021-06-25,130.2639617919922,AAPL
2021-06-28,131.8982391357422,AAPL
2021-06-29,133.4151153564453,AAPL
2021-06-30,134.0316619873047,AAPL
2021-07-01,134.3350372314453,AAPL
2021-07-02,136.96749877929688,AAPL
2021-07-06,138.9834747314453,AAPL
2021-07-07,141.47897338867188,AAPL
2021-07-08,140.17738342285156,AAPL
2021-07-09,142.00738525390625,AAPL
2021-07-12,141.41046142578125,AAPL
2021-07-13,142.52606201171875,AAPL
2021-07-14,145.9610137939453,AAPL
2021-07-15,145.30531311035156,AAPL
2021-07-16,143.26004028320312,AAPL
2021-07-19,139.40428161621094,AAPL
2021-07-20,143.02517700195312,AAPL
2021-07-21,142.29119873046875,AAPL
2021-07-22,143.66127014160156,AAPL
2021-07-23,145.38360595703125,AAPL
2021-07-26,145.804443359375,AAPL
2021-07-27,143.63192749023438,AAPL
2021-07-28,141.8801727294922,AAPL
2021-07-29,142.52606201171875,AAPL
2021-07-30,142.74136352539062,AAPL
2021-08-02,142.4086456298828,AAPL
2021-08-03,144.2093048095703,AAPL
2021-08-04,143.80807495117188,AAPL
2021-08-05,143.9156951904297,AAPL
2021-08-06,143.22964477539062,AAPL
2021-08-09,143.1806640625,AAPL
2021-08-10,142.70042419433594,AAPL
2021-08-11,142.95523071289062,AAPL
2021-08-12,145.92489624023438,AAPL
2021-08-13,146.1306915283203,AAPL
2021-08-16,148.1104736328125,AAPL
2021-08-17,147.19903564453125,AAPL
2021-08-18,143.44528198242188,AAPL
2021-08-19,143.77850341796875,AAPL
2021-08-20,145.23883056640625,AAPL
2021-08-23,146.72857666015625,AAPL
2021-08-24,146.6403350830078,AAPL
2021-08-25,145.40542602539062,AAPL
2021-08-26,144.6017608642578,AAPL
2021-08-27,145.6406707763672,AAPL
2021-08-30,150.07064819335938,AAPL
2021-08-31,148.8063201904297,AAPL
2021-09-01,149.47279357910156,AAPL
2021-09-02,150.59007263183594,AAPL
2021-09-03,151.22715759277344,AAPL
2021-09-07,153.56951904296875,AAPL
2021-09-08,152.02096557617188,AAPL
2021-09-09,151.00173950195312,AAPL
2021-09-10,146.00328063964844,AAPL
2021-09-13,146.57177734375,AAPL
2021-09-14,145.17022705078125,AAPL
2021-09-15,146.06210327148438,AAPL
2021-09-16,145.826904296875,AAPL
2021-09-17,143.1512451171875,AAPL
2021-09-20,140.09336853027344,AAPL
2021-09-21,140.57359313964844,AAPL
2021-09-22,142.94546508789062,AAPL
2021-09-23,143.90594482421875,AAPL
2021-09-24,143.9940948486328,AAPL
2021-09-27,142.47499084472656,AAPL
2021-09-28,139.08387756347656,AAPL
2021-09-29,139.98558044433594,AAPL
2021-09-30,138.68203735351562,AAPL
2021-10-01,139.8091583251953,AAPL
2021-10-04,136.36903381347656,AAPL
2021-10-05,138.2998504638672,AAPL
2021-10-06,139.17210388183594,AAPL
2021-10-07,140.43637084960938,AAPL
2021-10-08,140.05416870117188,AAPL
2021-10-11,139.96595764160156,AAPL
2021-10-12,138.6918487548828,AAPL
2021-10-13,138.1038055419922,AAPL
2021-10-14,140.89703369140625,AAPL
2021-10-15,141.9555206298828,AAPL
2021-10-18,143.63148498535156,AAPL
2021-10-19,145.79747009277344,AAPL
2021-10-20,146.28749084472656,AAPL
2021-10-21,146.50314331054688,AAPL
2021-10-22,145.72885131835938,AAPL
2021-10-25,145.6798553466797,AAPL
2021-10-26,146.34632873535156,AAPL
2021-10-27,145.88565063476562,AAPL
2021-10-28,149.5315704345703,AAPL
2021-10-29,146.8167724609375,AAPL
2021-11-01,145.9934844970703,AAPL
2021-11-02,147.03237915039062,AAPL
2021-11-03,148.4730987548828,AAPL
2021-11-04,147.9536590576172,AAPL
2021-11-05,148.48367309570312,AAPL
2021-11-08,147.65919494628906,AAPL
2021-11-09,148.02236938476562,AAPL
2021-11-10,145.18577575683594,AAPL
2021-11-11,145.13670349121094,AAPL
2021-11-12,147.217529296875,AAPL
2021-11-15,147.22735595703125,AAPL
2021-11-16,148.20889282226562,AAPL
2021-11-17,150.65284729003906,AAPL
2021-11-18,154.95184326171875,AAPL
2021-11-19,157.58233642578125,AAPL
2021-11-22,158.0436553955078,AAPL
2021-11-23,158.4264373779297,AAPL
2021-11-24,158.94664001464844,AAPL
2021-11-26,153.9114532470703,AAPL
2021-11-29,157.27806091308594,AAPL
2021-11-30,162.24453735351562,AAPL
2021-12-01,161.72433471679688,AAPL
2021-12-02,160.7329864501953,AAPL
2021-12-03,158.8484649658203,AAPL
2021-12-06,162.26414489746094,AAPL
2021-12-07,168.0158233642578,AAPL
2021-12-08,171.84375,AAPL
2021-12-09,171.33334350585938,AAPL
2021-12-10,176.13296508789062,AAPL
2021-12-13,172.49154663085938,AAPL
2021-12-14,171.1076202392578,AAPL
2021-12-15,175.98574829101562,AAPL
2021-12-16,169.0758819580078,AAPL
2021-12-17,167.97657775878906,AAPL
2021-12-20,166.6122589111328,AAPL
2021-12-21,169.7924041748047,AAPL
2021-12-22,172.39340209960938,AAPL
2021-12-23,173.0215606689453,AAPL
2021-12-27,176.9967041015625,AAPL
2021-12-28,175.9759521484375,AAPL
2021-12-29,176.0642547607422,AAPL
2021-12-30,174.9060821533203,AAPL
2021-12-31,174.28773498535156,AAPL
2022-01-03,178.64566040039062,AAPL
2022-01-04,176.37835693359375,AAPL
2022-01-05,171.68670654296875,AAPL
2022-01-06,168.82069396972656,AAPL
2022-01-07,168.9875030517578,AAPL
2022-01-10,169.00718688964844,AAPL
2022-01-11,171.84375,AAPL
2022-01-12,172.28541564941406,AAPL
2022-01-13,169.00718688964844,AAPL
2022-01-14,169.87091064453125,AAPL
2022-01-18,166.66134643554688,AAPL
2022-01-19,163.15733337402344,AAPL
2022-01-20,161.46913146972656,AAPL
2022-01-21,159.40797424316406,AAPL
2022-01-24,158.63255310058594,AAPL
2022-01-25,156.82656860351562,AAPL
2022-01-26,156.7382354736328,AAPL
2022-01-27,156.27691650390625,AAPL
2022-01-28,167.1815185546875,AAPL
2022-01-31,171.54930114746094,AAPL
2022-02-01,171.3824462890625,AAPL
2022-02-02,172.58969116210938,AAPL
2022-02-03,169.70404052734375,AAPL
2022-02-04,169.41903686523438,AAPL
2022-02-07,168.7016143798828,AAPL
2022-02-08,171.81698608398438,AAPL
2022-02-09,173.2419891357422,AAPL
2022-02-10,169.15370178222656,AAPL
2022-02-11,165.73367309570312,AAPL
2022-02-14,165.9695587158203,AAPL
2022-02-15,169.81214904785156,AAPL
2022-02-16,169.5762939453125,AAPL
2022-02-17,165.9695587158203,AAPL
2022-02-18,164.41677856445312,AAPL
2022-02-22,161.48814392089844,AAPL
2022-02-23,157.31138610839844,AAPL
2022-02-24,159.93533325195312,AAPL
2022-02-25,162.00900268554688,AAPL
2022-02-28,162.27430725097656,AAPL
2022-03-01,160.38742065429688,AAPL
2022-03-02,163.68951416015625,AAPL
2022-03-03,163.36520385742188,AAPL
2022-03-04,160.35794067382812,AAPL
2022-03-07,156.5546417236328,AAPL
2022-03-08,154.7266845703125,AAPL
2022-03-09,160.14170837402344,AAPL
2022-03-10,155.78805541992188,AAPL
2022-03-11,152.06338500976562,AAPL
2022-03-14,148.02423095703125,AAPL
2022-03-15,152.41720581054688,AAPL
2022-03-16,156.8396453857422,AAPL
2022-03-17,157.85186767578125,AAPL
2022-03-18,161.15396118164062,AAPL
2022-03-21,162.52984619140625,AAPL
2022-03-22,165.9105682373047,AAPL
2022-03-23,167.27659606933594,AAPL
2022-03-24,171.07009887695312,AAPL
2022-03-25,171.70887756347656,AAPL
2022-03-28,172.57373046875,AAPL
2022-03-29,175.8758087158203,AAPL
2022-03-30,174.70632934570312,AAPL
2022-03-31,171.60081481933594,AAPL
2022-04-01,171.3059539794922,AAPL
2022-04-04,175.3647918701172,AAPL
2022-04-05,172.04302978515625,AAPL
2022-04-06,168.8686981201172,AAPL
2022-04-07,169.17332458496094,AAPL
2022-04-08,167.15866088867188,AAPL
2022-04-11,162.8934783935547,AAPL
2022-04-12,164.7705535888672,AAPL
2022-04-13,167.46334838867188,AAPL
2022-04-14,162.44137573242188,AAPL
2022-04-18,162.22518920898438,AAPL
2022-04-19,164.51504516601562,AAPL
2022-04-20,164.34796142578125,AAPL
2022-04-21,163.55194091796875,AAPL
2022-04-22,159.00172424316406,AAPL
2022-04-25,160.0729522705078,AAPL
2022-04-26,154.0977325439453,AAPL
2022-04-27,153.87171936035156,AAPL
2022-04-28,160.81985473632812,AAPL
2022-04-29,154.93309020996094,AAPL
2022-05-02,155.23773193359375,AAPL
2022-05-03,156.73153686523438,AAPL
2022-05-04,163.15884399414062,AAPL
2022-05-05,154.06825256347656,AAPL
2022-05-06,154.79653930664062,AAPL
2022-05-09,149.6589813232422,AAPL
2022-05-10,152.07028198242188,AAPL
2022-05-11,144.18673706054688,AAPL
2022-05-12,140.30897521972656,AAPL
2022-05-13,144.78712463378906,AAPL
2022-05-16,143.24195861816406,AAPL
2022-05-17,146.88351440429688,AAPL
2022-05-18,138.59645080566406,AAPL
2022-05-19,135.18125915527344,AAPL
2022-05-20,135.41744995117188,AAPL
2022-05-23,140.85028076171875,AAPL
2022-05-24,138.14373779296875,AAPL
2022-05-25,138.30120849609375,AAPL
2022-05-26,141.50973510742188,AAPL
2022-05-27,147.27720642089844,AAPL
2022-05-31,146.48980712890625,AAPL
2022-06-01,146.36187744140625,AAPL
2022-06-02,148.82241821289062,AAPL
2022-06-03,143.08445739746094,AAPL
2022-06-06,143.8324432373047,AAPL
2022-06-07,146.36187744140625,AAPL
2022-06-08,145.6237030029297,AAPL
2022-06-09,140.38771057128906,AAPL
2022-06-10,134.96475219726562,AAPL
2022-06-13,129.79762268066406,AAPL
2022-06-14,130.66372680664062,AAPL
2022-06-15,133.29156494140625,AAPL
2022-06-16,128.00636291503906,AAPL
2022-06-17,129.482666015625,AAPL
2022-06-21,133.72462463378906,AAPL
2022-06-22,133.21282958984375,AAPL
2022-06-23,136.08676147460938,AAPL
2022-06-24,139.42318725585938,AAPL
2022-06-27,139.42318725585938,AAPL
2022-06-28,135.2698516845703,AAPL
2022-06-29,137.03158569335938,AAPL
2022-06-30,134.56121826171875,AAPL
2022-07-01,136.7362823486328,AAPL
2022-07-05,139.3247833251953,AAPL
2022-07-06,140.6632843017578,AAPL
2022-07-07,144.03912353515625,AAPL
2022-07-08,144.71824645996094,AAPL
2022-07-11,142.58250427246094,AAPL
2022-07-12,143.55686950683594,AAPL
2022-07-13,143.19273376464844,AAPL
2022-07-14,146.12567138671875,AAPL
2022-07-15,147.798828125,AAPL
2022-07-18,144.74778747558594,AAPL
2022-07-19,148.61573791503906,AAPL
2022-07-20,150.6234893798828,AAPL
2022-07-21,152.8970489501953,AAPL
2022-07-22,151.6569061279297,AAPL
2022-07-25,150.53492736816406,AAPL
2022-07-26,149.20623779296875,AAPL
2022-07-27,154.31427001953125,AAPL
2022-07-28,154.8654327392578,AAPL
2022-07-29,159.9439697265625,AAPL
2022-08-01,158.9597625732422,AAPL
2022-08-02,157.48345947265625,AAPL
2022-08-03,163.50680541992188,AAPL
2022-08-04,163.19186401367188,AAPL
2022-08-05,162.96519470214844,AAPL
2022-08-08,162.49212646484375,AAPL
2022-08-09,162.54136657714844,AAPL
2022-08-10,166.79908752441406,AAPL
2022-08-11,166.05990600585938,AAPL
2022-08-12,169.6177978515625,AAPL
2022-08-15,170.6920928955078,AAPL
2022-08-16,170.534423828125,AAPL
2022-08-17,172.03250122070312,AAPL
2022-08-18,171.63824462890625,AAPL
2022-08-19,169.0461883544922,AAPL
2022-08-22,165.15316772460938,AAPL
2022-08-23,164.81805419921875,AAPL
2022-08-24,165.11375427246094,AAPL
2022-08-25,167.5776824951172,AAPL
2022-08-26,161.26014709472656,AAPL
2022-08-29,159.05245971679688,AAPL
2022-08-30,156.61810302734375,AAPL
2022-08-31,154.9524383544922,AAPL
2022-09-01,155.68174743652344,AAPL
2022-09-02,153.56277465820312,AAPL
2022-09-06,152.30126953125,AAPL
2022-09-07,153.71060180664062,AAPL
2022-09-08,152.23228454589844,AAPL
2022-09-09,155.10028076171875,AAPL
2022-09-12,161.07286071777344,AAPL
2022-09-13,151.62118530273438,AAPL
2022-09-14,153.07000732421875,AAPL
2022-09-15,150.17239379882812,AAPL
2022-09-16,148.52647399902344,AAPL
2022-09-19,152.25196838378906,AAPL
2022-09-20,154.63702392578125,AAPL
2022-09-21,151.50291442871094,AAPL
2022-09-22,150.5370635986328,AAPL
2022-09-23,148.26039123535156,AAPL
2022-09-26,148.59547424316406,AAPL
2022-09-27,149.5711669921875,AAPL
2022-09-28,147.67889404296875,AAPL
2022-09-29,140.42503356933594,AAPL
2022-09-30,136.20675659179688,AAPL
2022-10-03,140.39544677734375,AAPL
2022-10-04,143.99281311035156,AAPL
2022-10-05,144.28851318359375,AAPL
2022-10-06,143.3324737548828,AAPL
2022-10-07,138.06948852539062,AAPL
2022-10-10,138.3947296142578,AAPL
2022-10-11,136.97549438476562,AAPL
2022-10-12,136.34471130371094,AAPL
2022-10-13,140.92770385742188,AAPL
2022-10-14,136.3841552734375,AAPL
2022-10-17,140.35606384277344,AAPL
2022-10-18,141.67674255371094,AAPL
2022-10-19,141.78515625,AAPL
2022-10-20,141.3218994140625,AAPL
2022-10-21,145.14596557617188,AAPL
2022-10-24,147.29449462890625,AAPL
2022-10-25,150.14283752441406,AAPL
2022-10-26,147.19593811035156,AAPL
2022-10-27,142.71156311035156,AAPL
2022-10-28,153.4938201904297,AAPL
2022-10-31,151.12840270996094,AAPL
2022-11-01,148.47718811035156,AAPL
2022-11-02,142.93824768066406,AAPL
2022-11-03,136.87698364257812,AAPL
2022-11-04,136.61041259765625,AAPL
2022-11-07,137.14349365234375,AAPL
2022-11-08,137.71607971191406,AAPL
2022-11-09,133.14529418945312,AAPL
2022-11-10,144.99180603027344,AAPL
2022-11-11,147.78564453125,AAPL
2022-11-14,146.3837890625,AAPL
2022-11-15,148.12132263183594,AAPL
2022-11-16,146.8872833251953,AAPL
2022-11-17,148.79258728027344,AAPL
2022-11-18,149.35531616210938,AAPL
2022-11-21,146.1172332763672,AAPL
2022-11-22,148.259521484375,AAPL
2022-11-23,149.1381378173828,AAPL
2022-11-25,146.2159881591797,AAPL
2022-11-28,142.37571716308594,AAPL
2022-11-29,139.36471557617188,AAPL
2022-11-30,146.1370086669922,AAPL
2022-12-01,146.41342163085938,AAPL
2022-12-02,145.9197998046875,AAPL
2022-12-05,144.75489807128906,AAPL
2022-12-06,141.0824737548828,AAPL
2022-12-07,139.1376953125,AAPL
2022-12-08,140.82579040527344,AAPL
2022-12-09,140.34207153320312,AAPL
2022-12-12,142.64227294921875,AAPL
2022-12-13,143.60975646972656,AAPL
2022-12-14,141.37864685058594,AAPL
2022-12-15,134.75445556640625,AAPL
2022-12-16,132.7898712158203,AAPL
2022-12-19,130.67727661132812,AAPL
2022-12-20,130.60816955566406,AAPL
2022-12-21,133.7178497314453,AAPL
2022-12-22,130.5390625,AAPL
2022-12-23,130.1737823486328,AAPL
2022-12-27,128.3671875,AAPL
2022-12-28,124.42821502685547,AAPL
2022-12-29,127.95256805419922,AAPL
2022-12-30,128.26844787597656,AAPL
2023-01-03,123.4706039428711,AAPL
2023-01-04,124.74412536621094,AAPL
2023-01-05,123.42124938964844,AAPL
2023-01-06,127.9624252319336,AAPL
2023-01-09,128.48562622070312,AAPL
2023-01-10,129.05821228027344,AAPL
2023-01-11,131.78292846679688,AAPL
2023-01-12,131.7039794921875,AAPL
2023-01-13,133.03668212890625,AAPL
2023-01-17,134.2016143798828,AAPL
2023-01-18,133.48094177246094,AAPL
2023-01-19,133.54019165039062,AAPL
2023-01-20,136.10691833496094,AAPL
2023-01-23,139.30552673339844,AAPL
2023-01-24,140.70736694335938,AAPL
2023-01-25,140.04591369628906,AAPL
2023-01-26,142.11907958984375,AAPL
2023-01-27,144.0638427734375,AAPL
2023-01-30,141.1713409423828,AAPL
2023-01-31,142.44482421875,AAPL
2023-02-01,143.57025146484375,AAPL
2023-02-02,148.89132690429688,AAPL
2023-02-03,152.52427673339844,AAPL
2023-02-06,149.78968811035156,AAPL
2023-02-07,152.67234802246094,AAPL
2023-02-08,149.97726440429688,AAPL
2023-02-09,148.940673828125,AAPL
2023-02-10,149.30653381347656,AAPL
2023-02-13,152.11448669433594,AAPL
2023-02-14,151.4718017578125,AAPL
2023-02-15,153.57778930664062,AAPL
2023-02-16,151.97604370117188,AAPL
2023-02-17,150.8291473388672,AAPL
2023-02-21,146.80506896972656,AAPL
2023-02-22,147.23019409179688,AAPL
2023-02-23,147.71466064453125,AAPL
2023-02-24,145.0550537109375,AAPL
2023-02-27,146.25137329101562,AAPL
2023-02-28,145.74713134765625,AAPL
2023-03-01,143.67080688476562,AAPL
2023-03-02,144.26406860351562,AAPL
2023-03-03,149.3262939453125,AAPL
2023-03-06,152.0947265625,AAPL
2023-03-07,149.88987731933594,AAPL
2023-03-08,151.1455078125,AAPL
2023-03-09,148.8912353515625,AAPL
2023-03-10,146.8248291015625,AAPL
2023-03-13,148.77261352539062,AAPL
2023-03-14,150.86865234375,AAPL
2023-03-15,151.26417541503906,AAPL
2023-03-16,154.0919189453125,AAPL
2023-03-17,153.25149536132812,AAPL
2023-03-20,155.6244354248047,AAPL
2023-03-21,157.4832305908203,AAPL
2023-03-22,156.04957580566406,AAPL
2023-03-23,157.1371612548828,AAPL
2023-03-24,158.44227600097656,AAPL
2023-03-27,156.4945068359375,AAPL
2023-03-28,155.8716278076172,AAPL
2023-03-29,158.95645141601562,AAPL
2023-03-30,160.52847290039062,AAPL
2023-03-31,163.03982543945312,AAPL
2023-04-03,164.29550170898438,AAPL
2023-04-04,163.76158142089844,AAPL
2023-04-05,161.91268920898438,AAPL
2023-04-06,162.8025360107422,AAPL
2023-04-10,160.2021942138672,AAPL
2023-04-11,158.986083984375,AAPL
2023-04-12,158.29400634765625,AAPL
2023-04-13,163.6923828125,AAPL
2023-04-14,163.34634399414062,AAPL
2023-04-17,163.3660888671875,AAPL
2023-04-18,164.5921173095703,AAPL
2023-04-19,165.73902893066406,AAPL
2023-04-20,164.77008056640625,AAPL
2023-04-21,163.1584930419922,AAPL
2023-04-24,163.46499633789062,AAPL
2023-04-25,161.92257690429688,AAPL
2023-04-26,161.91268920898438,AAPL
2023-04-27,166.51023864746094,AAPL
2023-04-28,167.76589965820312,AAPL
2023-05-01,167.6769256591797,AAPL
2023-05-02,166.63877868652344,AAPL
2023-05-03,165.56105041503906,AAPL
2023-05-04,163.9197998046875,AAPL
2023-05-05,171.612060546875,AAPL
2023-05-08,171.54281616210938,AAPL
2023-05-09,169.8323516845703,AAPL
2023-05-10,171.60214233398438,AAPL
2023-05-11,171.7899932861328,AAPL
2023-05-12,170.8592987060547,AAPL
2023-05-15,170.36428833007812,AAPL
2023-05-16,170.36428833007812,AAPL
2023-05-17,170.97813415527344,AAPL
2023-05-18,173.31472778320312,AAPL
2023-05-19,173.42364501953125,AAPL
2023-05-22,172.47314453125,AAPL
2023-05-23,169.8593292236328,AAPL
2023-05-24,170.13653564453125,AAPL
2023-05-25,171.275146484375,AAPL
2023-05-26,173.6909637451172,AAPL
2023-05-30,175.5424346923828,AAPL
2023-05-31,175.49290466308594,AAPL
2023-06-01,178.30474853515625,AAPL
2023-06-02,179.15621948242188,AAPL
2023-06-05,177.79981994628906,AAPL
2023-06-06,177.4334716796875,AAPL
2023-06-07,176.0572967529297,AAPL
2023-06-08,178.78001403808594,AAPL
2023-06-09,179.1661376953125,AAPL
2023-06-12,181.9680633544922,AAPL
2023-06-13,181.49285888671875,AAPL
2023-06-14,182.12649536132812,AAPL
2023-06-15,184.1660919189453,AAPL
2023-06-16,183.08688354492188,AAPL
2023-06-20,183.1759796142578,AAPL
2023-06-21,182.1363983154297,AAPL
2023-06-22,185.14627075195312,AAPL
2023-06-23,184.82945251464844,AAPL
2023-06-26,183.4334259033203,AAPL
2023-06-27,186.19573974609375,AAPL
2023-06-28,187.37396240234375,AAPL
2023-06-29,187.71058654785156,AAPL
2023-06-30,192.04718017578125,AAPL
2023-07-03,190.55213928222656,AAPL
2023-07-05,189.43333435058594,AAPL
2023-07-06,189.90858459472656,AAPL
2023-07-07,188.78976440429688,AAPL
2023-07-10,186.7403106689453,AAPL
2023-07-11,186.21556091308594,AAPL
2023-07-12,187.8887939453125,AAPL
2023-07-13,188.65115356445312,AAPL
2023-07-14,188.79971313476562,AAPL
2023-07-17,192.06698608398438,AAPL
2023-07-18,191.80953979492188,AAPL
2023-07-19,193.1659698486328,AAPL
2023-07-20,191.2154998779297,AAPL
2023-07-21,190.0372772216797,AAPL
2023-07-24,190.83926391601562,AAPL
2023-07-25,191.7006378173828,AAPL
2023-07-26,192.5718994140625,AAPL
2023-07-27,191.30462646484375,AAPL
2023-07-28,193.8887176513672,AAPL
2023-07-31,194.50257873535156,AAPL
2023-08-01,193.67092895507812,AAPL
2023-08-02,190.67095947265625,AAPL
2023-08-03,189.27493286132812,AAPL
2023-08-04,180.18592834472656,AAPL
2023-08-07,177.0770721435547,AAPL
2023-08-08,178.01763916015625,AAPL
2023-08-09,176.42361450195312,AAPL
2023-08-10,176.20578002929688,AAPL
2023-08-11,176.2652587890625,AAPL
2023-08-14,177.9209747314453,AAPL
2023-08-15,175.92816162109375,AAPL
2023-08-16,175.05572509765625,AAPL
2023-08-17,172.50778198242188,AAPL
2023-08-18,172.99359130859375,AAPL
2023-08-21,174.33197021484375,AAPL
2023-08-22,175.71006774902344,AAPL
2023-08-23,179.56671142578125,AAPL
2023-08-24,174.86737060546875,AAPL
2023-08-25,177.0782470703125,AAPL
2023-08-28,178.64468383789062,AAPL
2023-08-29,182.5409698486328,AAPL
2023-08-30,186.04071044921875,AAPL
2023-08-31,186.25880432128906,AAPL
2023-09-01,187.83518981933594,AAPL
2023-09-05,188.0731201171875,AAPL
2023-09-06,181.34133911132812,AAPL
2023-09-07,176.0372314453125,AAPL
2023-09-08,176.6519012451172,AAPL
2023-09-11,177.82179260253906,AAPL
2023-09-12,174.78805541992188,AAPL
2023-09-13,172.71597290039062,AAPL
2023-09-14,174.2328643798828,AAPL
2023-09-15,173.50912475585938,AAPL
2023-09-18,176.4437255859375,AAPL
2023-09-19,177.5343017578125,AAPL
2023-09-20,173.9849853515625,AAPL
2023-09-21,172.43836975097656,AAPL
2023-09-22,173.29100036621094,AAPL
2023-09-25,174.56993103027344,AAPL
2023-09-26,170.48526000976562,AAPL
2023-09-27,168.96839904785156,AAPL
2023-09-28,169.22616577148438,AAPL
2023-09-29,169.74171447753906,AAPL
2023-10-02,172.25990295410156,AAPL
2023-10-03,170.92147827148438,AAPL
2023-10-04,172.17068481445312,AAPL
2023-10-05,173.4099578857422,AAPL
2023-10-06,175.96783447265625,AAPL
2023-10-09,177.45498657226562,AAPL
2023-10-10,176.86012268066406,AAPL
2023-10-11,178.25802612304688,AAPL
2023-10-12,179.16021728515625,AAPL
2023-10-13,177.31619262695312,AAPL
2023-10-16,177.18728637695312,AAPL
2023-10-17,175.63075256347656,AAPL
2023-10-18,174.33197021484375,AAPL
2023-10-19,173.9552764892578,AAPL
2023-10-20,171.3973846435547,AAPL
2023-10-23,171.51634216308594,AAPL
2023-10-24,171.95257568359375,AAPL
2023-10-25,169.6326446533203,AAPL
2023-10-26,165.45875549316406,AAPL
2023-10-27,166.77732849121094,AAPL
2023-10-30,168.82958984375,AAPL
2023-10-31,169.30548095703125,AAPL
2023-11-01,172.47801208496094,AAPL
2023-11-02,176.04714965820312,AAPL
2023-11-03,175.13504028320312,AAPL
2023-11-06,177.69290161132812,AAPL
2023-11-07,180.26068115234375,AAPL
2023-11-08,181.321533203125,AAPL
2023-11-09,180.84564208984375,AAPL
2023-11-10,185.04489135742188,AAPL
2023-11-13,183.45654296875,AAPL
2023-11-14,186.07733154296875,AAPL
2023-11-15,186.64317321777344,AAPL
2023-11-16,188.33084106445312,AAPL
2023-11-17,188.31097412109375,AAPL
2023-11-20,190.0581512451172,AAPL
2023-11-21,189.2540740966797,AAPL
2023-11-22,189.919189453125,AAPL
2023-11-24,188.58892822265625,AAPL
2023-11-27,188.4102325439453,AAPL
2023-11-28,189.0157928466797,AAPL
2023-11-29,187.99330139160156,AAPL
2023-11-30,188.569091796875,AAPL
2023-12-01,189.84970092773438,AAPL
2023-12-04,188.0528564453125,AAPL
2023-12-05,192.01385498046875,AAPL
2023-12-06,190.921875,AAPL
2023-12-07,192.85769653320312,AAPL
2023-12-08,194.28720092773438,AAPL
2023-12-11,191.77557373046875,AAPL
2023-12-12,193.2945098876953,AAPL
2023-12-13,196.5208740234375,AAPL
2023-12-14,196.66976928710938,AAPL
2023-12-15,196.13368225097656,AAPL
2023-12-18,194.4658966064453,AAPL
2023-12-19,195.50828552246094,AAPL
2023-12-20,193.41360473632812,AAPL
2023-12-21,193.26467895507812,AAPL
2023-12-22,192.1925506591797,AAPL
2023-12-26,191.64657592773438,AAPL
2023-12-27,191.74581909179688,AAPL
2023-12-28,192.17269897460938,AAPL
2023-12-29,191.13034057617188,AAPL
2024-01-02,184.29042053222656,AAPL
2024-01-03,182.9105224609375,AAPL
2024-01-04,180.58753967285156,AAPL
2024-01-05,179.8628387451172,AAPL
2024-01-08,184.21099853515625,AAPL
2024-01-09,183.79405212402344,AAPL
2024-01-10,184.83639526367188,AAPL
2024-01-11,184.2407684326172,AAPL
2024-01-12,184.56837463378906,AAPL
2024-01-16,182.2950439453125,AAPL
2024-01-17,181.35194396972656,AAPL
2024-01-18,187.25868225097656,AAPL
2024-01-19,190.16737365722656,AAPL
2024-01-22,192.48043823242188,AAPL
2024-01-23,193.76104736328125,AAPL
2024-01-24,193.0860137939453,AAPL
2024-01-25,192.75840759277344,AAPL
2024-01-26,191.0211181640625,AAPL
2024-01-29,190.3361358642578,AAPL
2024-01-30,186.67295837402344,AAPL
2024-01-31,183.05943298339844,AAPL
2024-02-01,185.50157165527344,AAPL
2024-02-02,184.4989013671875,AAPL
2024-02-05,186.31558227539062,AAPL
2024-02-06,187.92381286621094,AAPL
2024-02-07,188.03302001953125,AAPL
2024-02-08,186.95095825195312,AAPL
2024-02-09,187.71630859375,AAPL
2024-02-12,186.02651977539062,AAPL
2024-02-13,183.92918395996094,AAPL
2024-02-14,183.0445098876953,AAPL
2024-02-15,182.75625610351562,AAPL
2024-02-16,181.21556091308594,AAPL
2024-02-20,180.47006225585938,AAPL
2024-02-21,181.22552490234375,AAPL
2024-02-22,183.26319885253906,AAPL
2024-02-23,181.42431640625,AAPL
2024-02-26,180.07247924804688,AAPL
2024-02-27,181.53366088867188,AAPL
2024-02-28,180.33090209960938,AAPL
2024-02-29,179.6649169921875,AAPL
2024-03-01,178.58148193359375,AAPL
2024-03-04,174.04885864257812,AAPL
2024-03-05,169.09873962402344,AAPL
2024-03-06,168.10475158691406,AAPL
2024-03-07,167.98545837402344,AAPL
2024-03-08,169.705078125,AAPL
2024-03-11,171.71295166015625,AAPL
2024-03-12,172.1900634765625,AAPL
2024-03-13,170.10269165039062,AAPL
2024-03-14,171.96145629882812,AAPL
2024-03-15,171.583740234375,AAPL
2024-03-18,172.67713928222656,AAPL
2024-03-19,175.02297973632812,AAPL
2024-03-20,177.59742736816406,AAPL
2024-03-21,170.3412322998047,AAPL
2024-03-22,171.2457733154297,AAPL
2024-03-25,169.82437133789062,AAPL
2024-03-26,168.69122314453125,AAPL
2024-03-27,172.2695770263672,AAPL
2024-03-28,170.45057678222656,AAPL
2024-04-01,169.00929260253906,AAPL
2024-04-02,167.826416015625,AAPL
2024-04-03,168.63157653808594,AAPL
2024-04-04,167.8065643310547,AAPL
2024-04-05,168.56199645996094,AAPL
2024-04-08,167.43878173828125,AAPL
2024-04-09,168.6514434814453,AAPL
2024-04-10,166.7727813720703,AAPL
2024-04-11,173.98919677734375,AAPL
2024-04-12,175.4901580810547,AAPL
2024-04-15,171.6533203125,AAPL
2024-04-16,168.36318969726562,AAPL
2024-04-17,166.99147033691406,AAPL
2024-04-18,166.03721618652344,AAPL
2024-04-19,164.0094757080078,AAPL
2024-04-22,164.84442138671875,AAPL
2024-04-23,165.89805603027344,AAPL
2024-04-24,168.00535583496094,AAPL
2024-04-25,168.87013244628906,AAPL
2024-04-26,168.28367614746094,AAPL
2024-04-29,172.4584503173828,AAPL
2024-04-30,169.30747985839844,AAPL
2024-05-01,168.28367614746094,AAPL
2024-05-02,171.99127197265625,AAPL
2024-05-03,182.27914428710938,AAPL
2024-05-06,180.61917114257812,AAPL
2024-05-07,181.30502319335938,AAPL
2024-05-08,181.64300537109375,AAPL
2024-05-09,183.46200561523438,AAPL
2024-05-10,182.1979217529297,AAPL
2024-05-13,185.4128875732422,AAPL
2024-05-14,186.55752563476562,AAPL
2024-05-15,188.8368682861328,AAPL
2024-05-16,188.95631408691406,AAPL
2024-05-17,188.98617553710938,AAPL
2024-05-20,190.15072631835938,AAPL
2024-05-21,191.4546356201172,AAPL
2024-05-22,190.01138305664062,AAPL
2024-05-23,186.0100860595703,AAPL
2024-05-24,189.0956573486328,AAPL
2024-05-28,189.10562133789062,AAPL
2024-05-29,189.40420532226562,AAPL
2024-05-30,190.39956665039062,AAPL
2024-05-31,191.3551025390625,AAPL
2024-06-03,193.12680053710938,AAPL
2024-06-04,193.44532775878906,AAPL
2024-06-05,194.95823669433594,AAPL
2024-06-06,193.57469177246094,AAPL
2024-06-07,195.97349548339844,AAPL
2024-06-10,192.2210235595703,AAPL
2024-06-11,206.1857147216797,AAPL
2024-06-12,212.0782012939453,AAPL
2024-06-13,213.24273681640625,AAPL
2024-06-14,211.50086975097656,AAPL
2024-06-17,215.66140747070312,AAPL
2024-06-18,213.29248046875,AAPL
2024-06-20,208.70394897460938,AAPL
2024-06-21,206.524169921875,AAPL
2024-06-24,207.17111206054688,AAPL
2024-06-25,208.0968017578125,AAPL
2024-06-26,212.25733947753906,AAPL
2024-06-27,213.1033935546875,AAPL
2024-06-28,209.6395721435547,AAPL
2024-07-01,215.7410430908203,AAPL
2024-07-02,219.24464416503906,AAPL
2024-07-03,220.51870727539062,AAPL
2024-07-05,225.28639221191406,AAPL
2024-07-08,226.759521484375,AAPL
2024-07-09,227.61550903320312,AAPL
2024-07-10,231.89549255371094,AAPL
2024-07-11,226.5106964111328,AAPL
2024-07-12,229.46685791015625,AAPL
2024-07-15,233.3088836669922,AAPL
2024-07-16,233.72694396972656,AAPL
2024-07-17,227.81459045410156,AAPL
2024-07-18,223.13645935058594,AAPL
2024-07-19,223.26583862304688,AAPL
2024-07-22,222.91749572753906,AAPL
2024-07-23,223.96258544921875,AAPL
2024-07-24,217.522705078125,AAPL
2024-07-25,216.4776153564453,AAPL
2024-07-26,216.94541931152344,AAPL
2024-07-29,217.22412109375,AAPL
2024-07-30,217.78152465820312,AAPL
2024-07-31,221.0462188720703,AAPL
2024-08-01,217.3435516357422,AAPL
2024-08-02,218.83657836914062,AAPL
2024-08-05,208.29588317871094,AAPL
2024-08-06,206.2653350830078,AAPL
2024-08-07,208.8433074951172,AAPL
2024-08-08,212.3170623779297,AAPL
2024-08-09,215.23342895507812,AAPL
2024-08-12,216.76803588867188,AAPL
2024-08-13,220.49493408203125,AAPL
2024-08-14,220.943359375,AAPL
2024-08-15,223.93284606933594,AAPL
2024-08-16,225.25819396972656,AAPL
2024-08-19,225.09873962402344,AAPL
2024-08-20,225.71656799316406,AAPL
2024-08-21,225.60696411132812,AAPL
2024-08-22,223.74351501464844,AAPL
2024-08-23,226.04542541503906,AAPL
2024-08-26,226.3842315673828,AAPL
2024-08-27,227.23126220703125,AAPL
2024-08-28,225.6966552734375,AAPL
2024-08-29,228.98507690429688,AAPL
2024-08-30,228.19784545898438,AAPL
2024-09-03,221.9896697998047,AAPL
2024-09-04,220.07640075683594,AAPL
2024-09-05,221.60104370117188,AAPL
2024-09-06,220.0465087890625,AAPL
2024-09-09,220.13619995117188,AAPL
2024-09-10,219.3389892578125,AAPL
2024-09-11,221.88006591796875,AAPL
2024-09-12,221.9896697998047,AAPL
2024-09-13,221.7206268310547,AAPL
2024-09-16,215.56228637695312,AAPL
2024-09-17,216.03060913085938,AAPL
2024-09-18,219.91697692871094,AAPL
2024-09-19,228.0683135986328,AAPL
2024-09-20,227.40065002441406,AAPL
2024-09-23,225.67672729492188,AAPL
2024-09-24,226.57354736328125,AAPL
2024-09-25,225.57705688476562,AAPL
2024-09-26,226.72303771972656,AAPL
2024-09-27,226.99208068847656,AAPL
2024-09-30,232.18385314941406,AAPL
2024-10-01,225.41763305664062,AAPL
2024-10-02,225.98562622070312,AAPL
2024-10-03,224.8795166015625,AAPL
2024-10-04,226.00555419921875,AAPL
2024-10-07,220.91346740722656,AAPL
2024-10-08,224.97918701171875,AAPL
2024-10-09,228.73594665527344,AAPL
2024-10-10,228.23770141601562,AAPL
2024-10-11,226.75294494628906,AAPL
2024-10-14,230.48980712890625,AAPL
2024-10-15,233.03086853027344,AAPL
2024-10-16,230.96810913085938,AAPL
2024-10-17,231.33682250976562,AAPL
2024-10-18,234.1768341064453,AAPL
2024-10-21,235.65164184570312,AAPL
2024-10-22,235.03382873535156,AAPL
2024-10-23,229.95169067382812,AAPL
2024-10-24,229.76235961914062,AAPL
2024-10-25,230.59942626953125,AAPL
2024-10-28,232.5824432373047,AAPL
2024-10-29,232.85150146484375,AAPL
2024-10-30,229.29400634765625,AAPL
2024-10-31,225.11868286132812,AAPL
2024-11-01,222.12918090820312,AAPL
2024-11-04,221.23233032226562,AAPL
2024-11-05,222.66729736328125,AAPL
2024-11-06,221.93984985351562,AAPL
2024-11-07,226.6831817626953,AAPL
2024-11-08,226.41383361816406,AAPL
2024-11-11,223.69039916992188,AAPL
2024-11-12,223.69039916992188,AAPL
2024-11-13,224.5782470703125,AAPL
2024-11-14,227.67079162597656,AAPL
2024-11-15,224.4585418701172,AAPL
2024-11-18,227.4712677001953,AAPL
2024-11-19,227.73065185546875,AAPL
2024-11-20,228.44891357421875,AAPL
2024-11-21,227.97007751464844,AAPL
2024-11-22,229.3168182373047,AAPL
2024-11-25,232.30960083007812,AAPL
2024-11-26,234.49432373046875,AAPL
2024-11-27,234.36463928222656,AAPL
2024-11-29,236.7588653564453,AAPL
2024-12-02,239.013427734375,AAPL
2024-12-03,242.06607055664062,AAPL
2024-12-04,242.42520141601562,AAPL
2024-12-05,242.4551239013672,AAPL
2024-12-06,242.25559997558594,AAPL
2024-12-09,246.1562042236328,AAPL
2024-12-10,247.1737518310547,AAPL
2024-12-11,245.89683532714844,AAPL
2024-12-12,247.36329650878906,AAPL
2024-12-13,247.5328826904297,AAPL
2024-12-16,250.43588256835938,AAPL
2024-12-17,252.8699951171875,AAPL
2024-12-18,247.4530792236328,AAPL
2024-12-19,249.1888885498047,AAPL
2024-12-20,253.87759399414062,AAPL
2024-12-23,254.6557159423828,AAPL
2024-12-24,257.57867431640625,AAPL
2024-12-26,258.39666748046875,AAPL
2024-12-27,254.9749298095703,AAPL
2024-12-30,251.59307861328125,AAPL
2024-12-31,249.81736755371094,AAPL
